-- phpMyAdmin SQL Dump
-- version 3.5.1
-- http://www.phpmyadmin.net
--
-- Servidor: 127.0.0.1
-- Tiempo de generación: 02-10-2012 a las 11:59:55
-- Versión del servidor: 5.1.51-community-log
-- Versión de PHP: 5.2.6

SET SQL_MODE="NO_AUTO_VALUE_ON_ZERO";
SET time_zone = "+00:00";


/*!40101 SET @OLD_CHARACTER_SET_CLIENT=@@CHARACTER_SET_CLIENT */;
/*!40101 SET @OLD_CHARACTER_SET_RESULTS=@@CHARACTER_SET_RESULTS */;
/*!40101 SET @OLD_COLLATION_CONNECTION=@@COLLATION_CONNECTION */;
/*!40101 SET NAMES utf8 */;

--
-- Base de datos: `C334953_elevation19`
--
CREATE DATABASE `C334953_elevation19` DEFAULT CHARACTER SET latin1 COLLATE latin1_swedish_ci;
USE `C334953_elevation19`;

-- --------------------------------------------------------

--
-- Estructura de tabla para la tabla `el_area`
--

CREATE TABLE IF NOT EXISTS `el_area` (
  `id_area` int(11) NOT NULL AUTO_INCREMENT,
  `depto` enum('atlantida','choluteca','colon','comayagua','copan','cortes','El Paraiso','Francisco Morazan','Gracias a Dios','Intibuca','Islas de la Bahia','La Paz','Lempira','Ocotepeque','Olancho','Santa Barbara','Valle','Yoro') NOT NULL,
  `ciudad` varchar(100) NOT NULL,
  `habilitada` enum('no','si') NOT NULL,
  PRIMARY KEY (`id_area`)
) ENGINE=InnoDB  DEFAULT CHARSET=latin1 AUTO_INCREMENT=2 ;

--
-- Volcado de datos para la tabla `el_area`
--

INSERT INTO `el_area` (`id_area`, `depto`, `ciudad`, `habilitada`) VALUES
(1, 'cortes', 'San Pedro Sula', 'si');

-- --------------------------------------------------------

--
-- Estructura de tabla para la tabla `el_categorias`
--

CREATE TABLE IF NOT EXISTS `el_categorias` (
  `id_categoria` int(11) NOT NULL AUTO_INCREMENT,
  `categoria` varchar(100) NOT NULL,
  `mostrarpopup` enum('si','no') NOT NULL,
  PRIMARY KEY (`id_categoria`)
) ENGINE=InnoDB  DEFAULT CHARSET=latin1 AUTO_INCREMENT=2 ;

--
-- Volcado de datos para la tabla `el_categorias`
--

INSERT INTO `el_categorias` (`id_categoria`, `categoria`, `mostrarpopup`) VALUES
(1, 'abc', 'no');

-- --------------------------------------------------------

--
-- Estructura de tabla para la tabla `el_ciudades`
--

CREATE TABLE IF NOT EXISTS `el_ciudades` (
  `id_ciudad` int(11) NOT NULL AUTO_INCREMENT,
  `ciudad` varchar(100) NOT NULL,
  `depto` varchar(30) NOT NULL,
  PRIMARY KEY (`id_ciudad`)
) ENGINE=InnoDB  DEFAULT CHARSET=latin1 AUTO_INCREMENT=3 ;

--
-- Volcado de datos para la tabla `el_ciudades`
--

INSERT INTO `el_ciudades` (`id_ciudad`, `ciudad`, `depto`) VALUES
(1, 'San Pedro Sula', 'Cortes'),
(2, 'Tegucigalpa', 'Francisco Morazan');

-- --------------------------------------------------------

--
-- Estructura de tabla para la tabla `el_comments`
--

CREATE TABLE IF NOT EXISTS `el_comments` (
  `p_id` int(11) NOT NULL AUTO_INCREMENT,
  `oferta_id` int(11) NOT NULL,
  `f_name` varchar(50) NOT NULL,
  `post` varchar(255) NOT NULL,
  `f_image` int(11) NOT NULL,
  `date_created` int(11) NOT NULL,
  `userip` varchar(200) NOT NULL,
  `rating` tinyint(4) NOT NULL,
  PRIMARY KEY (`p_id`)
) ENGINE=InnoDB  DEFAULT CHARSET=latin1 AUTO_INCREMENT=116 ;

--
-- Volcado de datos para la tabla `el_comments`
--

INSERT INTO `el_comments` (`p_id`, `oferta_id`, `f_name`, `post`, `f_image`, `date_created`, `userip`, `rating`) VALUES
(79, 1, 'Eduardo Garcia Pacheco', 'sdfsdf', 13, 1345222593, '127.0.0.1', 64),
(83, 1, 'Eduardo Garcia Pacheco', 'sdfsdf', 13, 1345222968, '127.0.0.1', 64),
(84, 1, 'Eduardo Garcia Pacheco', 'ssfsdfsf', 13, 1345223053, '127.0.0.1', 64),
(85, 1, 'Eduardo Garcia Pacheco', 'sdfs', 13, 1345223111, '127.0.0.1', 32),
(86, 1, 'Eduardo Garcia Pacheco', 'sfsfd', 13, 1345223176, '127.0.0.1', 127),
(87, 1, 'Eduardo Garcia Pacheco', 'sfsdfsdf', 13, 1345223269, '127.0.0.1', 127),
(93, 0, '', '', 0, 1345226419, '127.0.0.1', 0),
(96, 1, 'Eduardo Garcia Pacheco', 'una mas', 13, 1345306800, '127.0.0.1', 96),
(98, 1, 'Eduardo Garcia Pacheco', 'asdfghjkkl', 13, 1345306926, '127.0.0.1', 64),
(107, 1, 'Eduardo Garcia Pacheco', 'Pues no esta tan mal', 13, 1345308870, '127.0.0.1', 64),
(108, 4, 'Eduardo Garcia Pacheco', 'Me parce buena', 13, 1345437244, '127.0.0.1', 127),
(109, 2, 'Eduardo Garcia Pacheco', 'Buenos masajes', 13, 1345437317, '127.0.0.1', 64),
(110, 1, 'Eduardo Garcia Pacheco', 'Ok me parece bn', 26, 1345475378, '190.5.95.104', 64),
(112, 1, 'Eduardo Garcia Pacheco', 'prueba', 29, 1345478117, '190.5.95.104', 64),
(113, 1, 'Nicolas Chahin', 'La oferta esta increible me gusta mucho', 30, 1345495467, '190.6.197.226', 127),
(115, 4, 'Nicolas Chahin', 'ghnuhyhntyghyg', 31, 1346535655, '186.2.144.35', 96);

-- --------------------------------------------------------

--
-- Estructura de tabla para la tabla `el_comments_post`
--

CREATE TABLE IF NOT EXISTS `el_comments_post` (
  `c_id` int(11) NOT NULL AUTO_INCREMENT,
  `userip` varchar(200) NOT NULL,
  `comments` text NOT NULL,
  `date_created` int(11) NOT NULL,
  `post_id` int(11) NOT NULL,
  PRIMARY KEY (`c_id`)
) ENGINE=InnoDB DEFAULT CHARSET=latin1 AUTO_INCREMENT=1 ;

-- --------------------------------------------------------

--
-- Estructura de tabla para la tabla `el_cupones`
--

CREATE TABLE IF NOT EXISTS `el_cupones` (
  `id` int(11) NOT NULL AUTO_INCREMENT,
  `titulo` varchar(100) NOT NULL,
  `brevedescripcion` varchar(100) NOT NULL,
  `categoria` int(11) NOT NULL,
  `empresa` int(11) NOT NULL,
  `ciudad` int(11) NOT NULL,
  `ofertadeldia` enum('no','si') NOT NULL,
  `ofertadiadesde` timestamp NOT NULL DEFAULT CURRENT_TIMESTAMP ON UPDATE CURRENT_TIMESTAMP,
  `ofertadiahasta` timestamp NOT NULL DEFAULT '0000-00-00 00:00:00',
  `descripcion` text NOT NULL,
  `terminos` text NOT NULL,
  `direccion` text NOT NULL,
  `valor` varchar(15) NOT NULL,
  `anterior` varchar(15) NOT NULL,
  `descuento` varchar(15) NOT NULL,
  `ahorro` varchar(15) NOT NULL,
  `hasta` timestamp NULL DEFAULT NULL,
  `desde` timestamp NOT NULL DEFAULT '0000-00-00 00:00:00',
  `bk_cupon` enum('bk_cupon_rojo.jpg','bk_cupon_negro.jpg','bk_cupon_azul.jpg','bk_cupon_verde.jpg') NOT NULL DEFAULT 'bk_cupon_rojo.jpg',
  `img` varchar(500) NOT NULL,
  `recientes` enum('No','Si') NOT NULL,
  `slider` enum('No','Si') NOT NULL DEFAULT 'No',
  `slider_color` enum('slider_rojo.jpg','slider_negro.jpg','slider_azul.jpg') NOT NULL DEFAULT 'slider_rojo.jpg',
  `titulo_publicitario` varchar(40) NOT NULL,
  `descri_publicitaria` text NOT NULL,
  `img_publicitaria` varchar(100) NOT NULL,
  `enlace_publicitario` varchar(200) NOT NULL,
  `megusta` int(11) NOT NULL,
  `nomegusta` int(11) NOT NULL,
  `adquiridos` int(11) NOT NULL,
  `impresos` int(11) NOT NULL,
  `limiteadquirir` int(11) NOT NULL DEFAULT '0',
  `visto` int(11) NOT NULL,
  `activo` enum('0','1') NOT NULL DEFAULT '1',
  PRIMARY KEY (`id`)
) ENGINE=InnoDB  DEFAULT CHARSET=latin1 AUTO_INCREMENT=6 ;

--
-- Volcado de datos para la tabla `el_cupones`
--

INSERT INTO `el_cupones` (`id`, `titulo`, `brevedescripcion`, `categoria`, `empresa`, `ciudad`, `ofertadeldia`, `ofertadiadesde`, `ofertadiahasta`, `descripcion`, `terminos`, `direccion`, `valor`, `anterior`, `descuento`, `ahorro`, `hasta`, `desde`, `bk_cupon`, `img`, `recientes`, `slider`, `slider_color`, `titulo_publicitario`, `descri_publicitaria`, `img_publicitaria`, `enlace_publicitario`, `megusta`, `nomegusta`, `adquiridos`, `impresos`, `limiteadquirir`, `visto`, `activo`) VALUES
(1, 'Bring Organics Back', '$49 for Five Days of Prepared Lunches and Dinners Delivered to Work by My Delivery Chef ($120 Value)', 1, 1, 1, 'si', '2012-08-25 04:29:44', '2012-09-18 04:25:15', '<span style=\\"font: 11px/14px Arial, Helvetica, sans; text-align: justify; color: rgb(0, 0, 0); text-transform: none; text-indent: 0px; letter-spacing: normal; word-spacing: 0px; float: none; display: inline !important; white-space: normal; orphans: 2; widows: 2; -webkit-text-size-adjust: auto; -webkit-text-stroke-width: 0px;\\">Lorem ipsum dolor sit amet, consectetur adipiscing elit. Cras vitae erat diam. Sed felis purus, accumsan sed sagittis et, volutpat eget dui. Curabitur at erat eu sem feugiat eleifend. Donec lacus turpis, vehicula ut porta quis, malesuada egestas ante. Nullam lobortis enim in lectus tristique vulputate. Nunc suscipit porta felis, vitae dictum elit euismod sagittis. Nullam ut mi enim. Mauris egestas porta magna id semper.</span>', '<span style=\\"font: 11px/14px Arial, Helvetica, sans; text-align: justify; color: rgb(0, 0, 0); text-transform: none; text-indent: 0px; letter-spacing: normal; word-spacing: 0px; float: none; display: inline !important; white-space: normal; orphans: 2; widows: 2; -webkit-text-size-adjust: auto; -webkit-text-stroke-width: 0px;\\">Lorem ipsum dolor sit amet, consectetur adipiscing elit. Cras vitae erat diam. Sed felis purus, accumsan sed sagittis et, volutpat eget dui. Curabitur at erat eu sem feugiat eleifend. Donec lacus turpis, vehicula ut porta quis, malesuada egestas ante. Nullam lobortis enim in lectus tristique vulputate. Nunc suscipit porta felis, vitae dictum elit euismod sagittis. Nullam ut mi enim. Mauris egestas porta magna id semper.</span>', 'Park West\r\n900 Biscayne Blvd. \r\nMiami, Florida 33128 \r\n(786) 472-3050 \r\nGet Directions\r\nReviews', '$49.00', '$120.00', '59%', '$71.00', '2012-09-20 04:25:15', '2012-08-08 21:12:07', 'bk_cupon_rojo.jpg', '5.jpg', 'No', 'No', 'slider_rojo.jpg', 'Titulo de plublicidad', '<span style="color: rgb(0, 0, 0); font-family: Arial, Helvetica, sans; font-size: 11px; font-style: normal; font-variant: normal; font-weight: normal; letter-spacing: normal; line-height: 14px; orphans: 2; text-align: justify; text-indent: 0px; text-transform: none; white-space: normal; widows: 2; word-spacing: 0px; -webkit-text-size-adjust: auto; -webkit-text-stroke-width: 0px; display: inline !important; float: none; ">Lorem ipsum dolor sit amet, consectetur adipiscing elit. Cras vitae erat diam. Sed felis purus, accumsan sed sagittis et, volutpat eget dui. Curabitur at erat eu sem feugiat eleifend. Donec lacus turpis, vehicula ut porta quis, malesuada egestas ante. Nullam lobortis enim in lectus tristique vulputate. Nunc suscipit porta felis, vitae dictum elit euismod sagittis. Nullam ut mi enim. Mauris egestas porta magna id semper.</span>', '', '', 0, 0, 7, 19, 30, 6, '1'),
(2, 'Active Health and Fitness Multiple Locations', '$29 for 60-Minute Swedish or Deep-Tissue Massage ($79 Value)', 1, 1, 1, 'no', '2012-09-03 19:53:46', '0000-00-00 00:00:00', 'Active Health and Fitness\r\n\r\nActive Health and Fitness\\'' five locations swarm with chiropractors, massage therapists, acupuncturists, and aesthetic specialists as they keep human chassis shiny and new with custom treatments. Weight-loss programs guide patients through the journey of pinching inches, and hair-removal therapy evicts unwanted strands after technicians have lengthy discussions with each follicle about the importance of being reliable contributors to society. Physicians stand by to supervise treatments such as the weight-loss program and noninvasive medical procedures.', 'The Fine Print\r\n\r\nExpires Dec 12, 2012\r\nLimit 1 per person, may buy 2 additional as gifts. Appointment required. Important patient disclosure.\r\nSee the rules that apply to all deals.', 'South Miami\r\n20505 S Dixie Hwy. , Suite 1269 \r\nMiami, Florida 33189 \r\n(305) 971-8484 \r\nGet Directions\r\nB\r\nPembroke Pines\r\n2126 N Flamingo Rd. \r\nPembroke Pines, Florida 33028 \r\n(954) 437-6660 \r\nGet Directions', '$29', '$79', '63%', '$50', '2012-09-24 04:25:54', '2012-08-08 21:00:22', 'bk_cupon_rojo.jpg', 'IMAGE_Active-Health-and-Fitness_grid_6.jpg', 'No', 'No', 'slider_rojo.jpg', '', '', '', '', 0, 0, 4, 1, 10, 21, '1'),
(3, 'Catch 10 Seafood Bistro', 'Prix Fixe Seafood Dinner for Two or Four (59% Off)', 1, 1, 1, 'no', '2012-09-02 06:55:11', '0000-00-00 00:00:00', 'Catch 10 Seafood Bistro\r\n\r\nA cobblestone path leads through a courtyard of leafy green palm trees to the Key West?style fa?ade of Catch 10 Seafood Bistro. Built in 1922 for Henri Levy?one of Miami Beach\\''s developers?and restored in 2006 to its original condition, the recognized historic landmark was revived as a seafood bistro. Aromas of fish frying in pools of golden oil alongside hand-cut fries and calamari waft lazily out of the kitchen and across glossy hardwood floors. Yellow, red, and purple striped booths lean against matching green- and coral-hued walls, and a 50-inch flat-screen TV looks out over bar-goers sipping martinis and margaritas.', 'The Fine Print\r\n\r\nExpires Feb 6, 2013\r\nLimit 1 per person, may buy 2 additional as gifts. Limit 1 per table. Valid only for option purchased. Reservation required. Dine-in only.\r\nSee the rules that apply to all deals.', 'Miami Beach\r\n1030 Washington Ave. \r\nMiami Beach, Florida 33139 \r\n(786) 235-5488 \r\nGet Directions', '$40', '$98', '59%', '$58', '2012-09-17 04:26:17', '2012-08-08 21:03:51', 'bk_cupon_rojo.jpg', 'IMAGE_Catch-10-Seafood-Bistro_grid_6.jpg', 'No', 'No', 'slider_rojo.jpg', '', '', '', '', 0, 0, 3, 4, 0, 13, '1'),
(4, 'Miami Lakes Family Chiropractic', '$30 for Chiropractic Package with Three Sessions (Up to $460 Value)', 1, 1, 1, 'no', '2012-09-01 21:40:09', '0000-00-00 00:00:00', 'Miami Lakes Family Chiropractic\r\n\r\nDr. Michael J. Cohen oversees Miami Lakes Family Chiropractic as well as the spines of players for sports teams such as the Colorado Rockies and the Washington Nationals. Dr. Cohen?or Dr. Mickey, as he likes to be called?puts his years of experience to the test by fighting issues such as herniated discs or spinal disappearance. He leads his team as they perform manual adjustments and decompressions, or offer full-body vibrations and cervical traction.', 'he Fine Print\r\n\r\nExpires Feb 4, 2013\r\nLimit 1 per person, may buy 1 additional as gifts. Appointment required. 24hr cancellation notice required. Not valid if used services in past 3 months. Treatments must be used by the same person. Important patient disclosure.\r\nSee the rules that apply to all deals', 'Miami Lakes\r\n16383 NW 67th Ave. \r\nMiami Lakes, Florida 33014 \r\n(305) 823-4300 \r\nGet Directions', '$30', '$460', '93%', '$430', '2012-09-20 04:26:31', '2012-08-08 21:08:32', 'bk_cupon_rojo.jpg', 'IMAGE_Miami-Lakes-Family-Chiropractic-2_grid_6.jpg', 'No', 'No', 'slider_rojo.jpg', '', '', '', '', 0, 0, 1, 5, 0, 20, '1'),
(5, 'Hoops Sports Bar & Grill', 'Beer Flights, Appetizers, and Valet Parking for Two or Four (Up to 67% Off)', 1, 1, 1, 'no', '2012-09-03 19:52:32', '0000-00-00 00:00:00', 'Hoops Sports Bar &amp; Grill\r\n\r\nThe bar looks like a beer-lover\\''s rainbow, a row of draft handles representing more than 30 brews. While bartenders fill pints and 7-ounce flight glasses, flat-screen televisions air major-league sports from around the world, from football to international soccer to pay-per-view UFC bouts. These surroundings make the bar and grill the kind of place where fans can spend an entire day catching games while enjoying drinks and a menu of pub fare. Valet parking lends the sports-focused eatery a luxurious aspect only seen in the sports world when the Marlins wear tuxedos instead of their baseball uniforms. In addition to sports, Hoops attracts guests with special events such as Singles Mingles and karaoke.', 'The Fine Print\r\n\r\nExpires Nov 20, 2012\r\nLimit 2 per person, may buy 2 additional as gifts. Limit 1 per table. Valid only for option purchased. Reservation required on days of Miami Heat games. Dine-in only. Must use promotional value in 1 visit. Must be 21 or older.\r\nSee the rules that apply to all deals.', 'Park West\r\n900 Biscayne Blvd. \r\nMiami, Florida 33128 \r\n(786) 472-3050 \r\nGet Directions\r\nReviews', '$17', '$51', '67%', '$34', '2012-09-21 04:26:45', '2012-08-08 21:10:36', 'bk_cupon_rojo.jpg', 'IMAGE_Hoops-Sports-Bar-and-Grill_grid_6.jpg', 'No', 'No', 'slider_rojo.jpg', '', '', '', '', 0, 0, 4, 2, 0, 25, '1');

-- --------------------------------------------------------

--
-- Estructura de tabla para la tabla `el_cupones_usuarios`
--

CREATE TABLE IF NOT EXISTS `el_cupones_usuarios` (
  `id_cupon_usuario` int(11) NOT NULL AUTO_INCREMENT,
  `cupon_id` int(11) NOT NULL,
  `codigo` varchar(20) NOT NULL,
  `usuario` int(11) NOT NULL,
  `empresa_id` int(11) NOT NULL,
  `desde` datetime NOT NULL,
  `hasta` datetime NOT NULL DEFAULT '0000-00-00 00:00:00',
  `fecha_registro` timestamp NOT NULL DEFAULT CURRENT_TIMESTAMP ON UPDATE CURRENT_TIMESTAMP,
  `fecha_canje` datetime NOT NULL,
  `canje` tinyint(4) NOT NULL DEFAULT '0',
  `habilitado` tinyint(4) NOT NULL DEFAULT '1',
  PRIMARY KEY (`id_cupon_usuario`)
) ENGINE=InnoDB  DEFAULT CHARSET=latin1 AUTO_INCREMENT=76 ;

--
-- Volcado de datos para la tabla `el_cupones_usuarios`
--

INSERT INTO `el_cupones_usuarios` (`id_cupon_usuario`, `cupon_id`, `codigo`, `usuario`, `empresa_id`, `desde`, `hasta`, `fecha_registro`, `fecha_canje`, `canje`, `habilitado`) VALUES
(69, 1, 'r8uxyrum', 13, 1, '2012-08-08 11:12:07', '2012-08-31 11:12:07', '2012-08-26 01:01:04', '0000-00-00 00:00:00', 0, 1),
(70, 2, 'qrzsrizm', 13, 1, '2012-08-08 11:00:22', '2012-08-31 11:00:22', '2012-08-26 01:01:30', '0000-00-00 00:00:00', 0, 0),
(71, 1, 'qm2gcujk', 31, 1, '2012-08-08 17:12:07', '2012-08-31 17:12:07', '2012-08-26 11:46:45', '0000-00-00 00:00:00', 0, 1),
(72, 1, 'clu17qj1', 31, 1, '2012-08-08 17:12:07', '2012-08-31 17:12:07', '2012-08-26 11:46:56', '0000-00-00 00:00:00', 0, 1),
(73, 1, 'qp68zv3i', 31, 1, '2012-08-08 17:12:07', '2012-08-31 17:12:07', '2012-08-26 11:47:31', '0000-00-00 00:00:00', 0, 1),
(74, 2, 'fcqm9uzo', 31, 1, '2012-08-08 17:00:22', '2012-08-31 17:00:22', '2012-08-26 12:50:14', '0000-00-00 00:00:00', 0, 0),
(75, 5, 'io9v9cze', 31, 1, '2012-08-08 17:10:36', '2012-08-31 17:10:36', '2012-08-26 23:26:45', '0000-00-00 00:00:00', 0, 1);

-- --------------------------------------------------------

--
-- Estructura de tabla para la tabla `el_empresas`
--

CREATE TABLE IF NOT EXISTS `el_empresas` (
  `id_empresa` int(11) NOT NULL AUTO_INCREMENT,
  `empresa` varchar(150) NOT NULL,
  `clave` varchar(100) NOT NULL,
  `telefono` varchar(20) NOT NULL,
  `correo` varchar(120) NOT NULL,
  `categoria_id` int(11) NOT NULL,
  `website` varchar(200) NOT NULL,
  `descripcion` text NOT NULL,
  PRIMARY KEY (`id_empresa`)
) ENGINE=InnoDB  DEFAULT CHARSET=latin1 AUTO_INCREMENT=2 ;

--
-- Volcado de datos para la tabla `el_empresas`
--

INSERT INTO `el_empresas` (`id_empresa`, `empresa`, `clave`, `telefono`, `correo`, `categoria_id`, `website`, `descripcion`) VALUES
(1, 'empresa1', 'nolose', '123456', 'empresa@empresa.com', 1, 'www.algo.com', 'Descripcion de la empresa');

-- --------------------------------------------------------

--
-- Estructura de tabla para la tabla `el_usuarios`
--

CREATE TABLE IF NOT EXISTS `el_usuarios` (
  `id_usuario` int(11) NOT NULL AUTO_INCREMENT,
  `usuario` varchar(120) NOT NULL,
  `clave` varchar(120) NOT NULL,
  `nombres` varchar(200) NOT NULL,
  `apellidos` varchar(200) NOT NULL,
  `telefono` varchar(20) NOT NULL,
  `genero` enum('Hombre','Mujer') NOT NULL,
  `fecha_nacimiento` date NOT NULL,
  `dia` smallint(6) NOT NULL,
  `mes` int(11) NOT NULL,
  `anio` int(11) NOT NULL,
  `ciudad` int(11) NOT NULL,
  `administrativo` enum('no','si') NOT NULL,
  `random_activar` varchar(25) NOT NULL,
  `activo` enum('no','si') NOT NULL,
  `visitas` int(11) NOT NULL,
  `ultima_visita` datetime NOT NULL,
  `ip` varchar(15) NOT NULL,
  `img` varchar(100) NOT NULL,
  PRIMARY KEY (`id_usuario`)
) ENGINE=InnoDB  DEFAULT CHARSET=latin1 AUTO_INCREMENT=50 ;

--
-- Volcado de datos para la tabla `el_usuarios`
--

INSERT INTO `el_usuarios` (`id_usuario`, `usuario`, `clave`, `nombres`, `apellidos`, `telefono`, `genero`, `fecha_nacimiento`, `dia`, `mes`, `anio`, `ciudad`, `administrativo`, `random_activar`, `activo`, `visitas`, `ultima_visita`, `ip`, `img`) VALUES
(28, 'nevinluke17@hotmail.com', '8dbd92f9d7b3f6c8b50a86e48a1d7d37', 'nevin', 'lopez', '', 'Hombre', '0000-00-00', 17, 10, 1989, 1, 'no', '', 'si', 2, '2012-08-20 09:35:46', '', ''),
(29, 'egarciazd@gmail.com', '14be97e5a5119b96dce92e33ab57076e', 'Eduardo', 'Garcia Pacheco', '', 'Hombre', '0000-00-00', 14, 8, 1974, 1, 'no', '', 'si', 13, '2012-08-20 09:54:15', '', '1345478091.jpg'),
(30, 'nchahin17@gmail.com', 'c378985d629e99a4e86213db0cd5e70d', 'Nicolas', 'Chahin', '', 'Hombre', '0000-00-00', 9, 11, 1994, 1, 'no', '', 'si', 8, '2012-08-20 14:43:51', '', ''),
(31, 'nchahin17@gmail.com', '7027b4ef0943d607e929735d536b5783', 'Nicolas', 'Chahin', '', 'Hombre', '0000-00-00', 9, 11, 1994, 1, 'no', '', 'si', 6, '2012-08-26 05:47:10', '', ''),
(32, 'jgfarajpumpo1994@gmail.com', 'a906449d5769fa7361d7ecc6aa3f6d28', 'Jorge', 'Faraj', '', 'Hombre', '0000-00-00', 26, 10, 1994, 1, 'no', '', 'si', 1, '2012-08-30 17:18:12', '', ''),
(33, 'nchahin94@gmail.com', 'deb97a759ee7b8ba42e02dddf2b412fe', 'nicolas', 'chahin', '', 'Hombre', '0000-00-00', 9, 11, 1994, 1, 'no', '', 'si', 1, '2012-09-18 20:20:09', '', ''),
(34, 'doris_yaneth12@hotmail.com', '169ab2b5f014a859dd610ee910979776', 'doris janeth', 'moreno', '', 'Mujer', '0000-00-00', 27, 8, 1982, 1, 'no', '', 'si', 2, '2012-09-20 17:03:03', '', ''),
(35, 'doris_yaneth12@hotmail.com', '169ab2b5f014a859dd610ee910979776', 'doris janeth', 'moreno', '', 'Mujer', '0000-00-00', 27, 8, 1982, 1, 'no', '', 'si', 1, '2012-09-20 17:03:50', '', ''),
(36, 'vanessamador@hotmail.com', '67450ef14331895669d81b1bbbc6bab1', 'Diana', 'Sierra', '', 'Mujer', '0000-00-00', 20, 10, 1983, 2, 'no', '', 'si', 1, '2012-09-20 17:13:13', '', ''),
(37, 'vanessamador@yahoo.com', '67450ef14331895669d81b1bbbc6bab1', 'Diana', 'Sierra', '', 'Mujer', '0000-00-00', 20, 10, 1983, 2, 'no', '', 'si', 1, '2012-09-20 17:13:49', '', ''),
(38, 'sadia_melissa@hotmail.com', '6b2f2579b78a1979c4012e9c61b4117d', 'Melissa', 'Banegas', '', 'Mujer', '0000-00-00', 30, 1, 1986, 1, 'no', '', 'si', 1, '2012-09-20 17:31:51', '', ''),
(39, 'carolina.milla76@gmail.com', '7ef0962f559c323b9aec941a430fea14', 'carolina', 'milla', '', 'Mujer', '0000-00-00', 12, 5, 1976, 1, 'no', '', 'si', 2, '2012-09-20 18:11:26', '', ''),
(40, 'carolina.milla76@gmail.com', '7ef0962f559c323b9aec941a430fea14', 'carolina', 'milla', '', 'Mujer', '0000-00-00', 12, 5, 1976, 1, 'no', '', 'si', 1, '2012-09-20 18:11:54', '', ''),
(41, 'carolina_milla@yahoo.com', '7ef0962f559c323b9aec941a430fea14', 'carolina', 'milla', '', 'Mujer', '0000-00-00', 12, 5, 1976, 1, 'no', '', 'si', 1, '2012-09-20 18:12:36', '', ''),
(42, 'joanes_89@hotmail.com', 'cf1f7d95c8ac383107d42c26729f385e', 'joan estefani', 'martinez', '', 'Mujer', '0000-00-00', 1, 6, 1989, 1, 'no', '', 'si', 1, '2012-09-20 23:05:59', '', ''),
(43, 'abnermedina@ymail.com', 'af3e899f0b43ee0b5c88c420caa2cd95', 'Abner', 'Medina', '', 'Hombre', '0000-00-00', 6, 9, 1982, 2, 'no', '', 'si', 1, '2012-09-21 09:48:22', '', ''),
(44, 'Vilmaturcios4@hotmail.com', '53dec49ed1c091828aee7903d46a28ef', 'Vilma', 'Turcios', '', 'Mujer', '0000-00-00', 10, 12, 1994, 1, 'no', '', 'si', 1, '2012-09-21 13:52:08', '', ''),
(45, 'eunjungkim_@hotmail.com', '3d34ef06151ecc698348ba0e2e5e312b', 'Eun', 'Kim', '', 'Mujer', '0000-00-00', 15, 8, 1994, 1, 'no', '', 'si', 1, '2012-09-21 14:14:49', '', ''),
(46, 'danielopezmc@yahoo.com', '2746bff311f6f03922cdda0f7ee1ec62', 'Daniel', 'Lopez Medina', '', 'Hombre', '0000-00-00', 15, 7, 1980, 2, 'no', '', 'si', 3, '2012-09-22 11:15:07', '', ''),
(47, 'danielopezmc@yahoo.com', '2746bff311f6f03922cdda0f7ee1ec62', 'Daniel', 'Lopez Medina', '', 'Hombre', '0000-00-00', 15, 7, 1980, 2, 'no', '', 'si', 2, '2012-09-22 11:16:27', '', ''),
(48, 'danielopezmc@yahoo.com', '2746bff311f6f03922cdda0f7ee1ec62', 'Daniel', 'Lopez Medina', '', 'Hombre', '0000-00-00', 15, 7, 1980, 2, 'no', '', 'si', 1, '2012-09-22 11:16:51', '', ''),
(49, 'dannylopezm@hotmail.com', '2746bff311f6f03922cdda0f7ee1ec62', 'Daniel', 'Lopez Medina', '', 'Hombre', '0000-00-00', 15, 7, 1980, 2, 'no', '', 'si', 1, '2012-09-22 11:17:40', '', '');

-- --------------------------------------------------------

--
-- Estructura de tabla para la tabla `members`
--

CREATE TABLE IF NOT EXISTS `members` (
  `member_id` int(11) unsigned NOT NULL AUTO_INCREMENT,
  `login` varchar(30) NOT NULL,
  `firstname` varchar(100) DEFAULT NULL,
  `lastname` varchar(100) DEFAULT NULL,
  `password` varchar(32) NOT NULL,
  `email` varchar(100) NOT NULL,
  `puesto` int(11) NOT NULL,
  `type` enum('usuario','admin') NOT NULL DEFAULT 'usuario',
  `turno` varchar(3) NOT NULL,
  `rota` enum('si','no') NOT NULL,
  `grupo` varchar(50) NOT NULL,
  `obs` longtext,
  `pic` varchar(100) CHARACTER SET latin1 COLLATE latin1_spanish_ci DEFAULT NULL,
  `muro` int(10) unsigned NOT NULL,
  `msg` int(10) unsigned NOT NULL,
  `area` int(10) unsigned NOT NULL,
  PRIMARY KEY (`member_id`)
) ENGINE=MyISAM  DEFAULT CHARSET=latin1 AUTO_INCREMENT=42 ;

--
-- Volcado de datos para la tabla `members`
--

INSERT INTO `members` (`member_id`, `login`, `firstname`, `lastname`, `password`, `email`, `puesto`, `type`, `turno`, `rota`, `grupo`, `obs`, `pic`, `muro`, `msg`, `area`) VALUES
(1, 'egarcia', 'Eduardo', 'Garcia Pacheco', 'nolose', 'egarciazd@yahoo.com.mx', 3, 'admin', '10', 'no', '1', 'aa', 'edu2010.jpg', 0, 0, 0),
(19, 'CanalesLeticia', 'Leticia', 'Canales', '123456', 'canalesleticia@russellcorp.com', 15, 'admin', '10', 'no', '17', '', '', 0, 0, 0),
(16, 'MorelEverth', 'Everth', 'Morel', 'motorola', '', 14, 'admin', '10', 'no', '1', '', '', 0, 0, 0),
(17, 'TorresJonathan', 'Jonathan', 'Torres', '123456', 'torresjonthan@russellcorp.com', 17, 'admin', '10', 'no', '1', '', '', 0, 0, 0),
(18, 'CaballeroCarlos', 'Carlos', 'Caballero', '123456', 'caballerocarlos@russellcorp.com', 36, 'usuario', '10', 'no', '9', '', '', 0, 0, 0),
(20, 'ToroEdgardo', 'Edgardo', 'Toro', '123456', 'toroedgardo@russellcorp.com', 20, 'usuario', '10', 'no', '17', '', '', 0, 0, 0),
(21, 'CortesEver', 'Ever', 'Cortes', '123456', 'cortesever@russellcorp.com', 26, 'usuario', '10', 'no', '31', '', '', 0, 0, 0),
(22, 'LozanoOmar', 'Omar', 'Lozano', '123456', 'lozanoomar@russellcorp.com', 15, 'admin', '10', 'no', '1', '', '', 0, 0, 0),
(23, 'BerriosCelso', 'Celso', 'Berrios', '123456', 'berrioscelso@russellcorp.com', 15, 'usuario', '10', 'no', '28', 'Planeacion', '', 0, 0, 0),
(24, 'CelsoBerrios', 'Jose Celso', 'Berrios', '123456', 'berrioscelso@russellcorp.com', 15, 'usuario', '10', 'no', '9', '', '', 0, 0, 0),
(25, 'operador', 'Operador', 'Maquina', '12345678', ' ', 3, 'usuario', '10', 'no', '28', '', '', 0, 0, 0),
(26, 'operador2', 'operador2', 'Maquina', '12345678', ' ', 1, 'usuario', '10', 'no', '28', '', '', 0, 0, 0),
(27, 'B506680', 'MARVIN A.', 'MELGAR MORENO', '1234567', ' ', 10, 'usuario', '10', 'no', '28', '<P>BRB 256 TB</P>', '', 0, 0, 0),
(28, 'B506840', 'LUIS ALONZO', 'GEORGE GEORGE', '1234567', ' ', 10, 'usuario', '10', 'no', '28', 'BRB#2&nbsp; 240 TB', '', 0, 0, 0),
(29, 'Recibidor', 'Alejandro', 'Rodas', '123456', ' ', 2, 'usuario', '10', 'no', '44', '', '', 0, 0, 0),
(30, 'A506640', 'MARCOS JOVEL', 'SANCHEZ MEDINA', '506640', ' ', 10, 'usuario', '10', 'no', '28', '<P>Asociado asignado a BRB #1 MOD 256</P>', '', 0, 0, 0),
(31, 'A506480', 'ERNESTO  ', 'MEJIA FUENTES', '506480', ' ', 10, 'usuario', '10', 'no', '28', 'Operador de BRB#2 &nbsp; Mod 240', '', 0, 0, 0),
(32, 'A508535', 'SALAMON ', 'MARQUEZ PAZ ', '508535', ' ', 0, 'usuario', '10', 'no', '28', '', '', 0, 0, 0),
(33, 'A506508', 'AGUILAR LARIOS', 'JESUS HENRIQUE', '506508', ' ', 0, 'usuario', '10', 'no', '28', '', '', 0, 0, 0),
(34, 'A508572', 'JOSE LUIS', 'VALLADARES', '508572', ' ', 0, 'usuario', '10', 'no', '28', '', '', 0, 0, 0),
(35, 'A506025', 'MARLON YOSMIN', 'RODRIGUEZ REYES', '506025', ' ', 0, 'usuario', '10', 'no', '28', '', '', 0, 0, 0),
(36, 'A508602', 'NEPTALY', 'CARTAGENA A', '508602', ' ', 10, 'usuario', '10', 'no', '28', '', '', 0, 0, 0),
(37, 'A506638', 'HECTOR ALBERTO ', 'PADILLA', '506638', ' ', 10, 'usuario', '10', 'no', '28', '', '', 0, 0, 0),
(38, 'A506208', 'DANNY ADONAY', 'LOPEZ GUEVARA', '506208', ' ', 10, 'usuario', '10', 'no', '28', '', '', 0, 0, 0),
(39, 'A506456', 'MANUEL ANTONIO', 'GARCIA GARCIA', '506456', ' ', 0, 'usuario', '10', 'no', '28', '', '', 0, 0, 0),
(40, 'A506565', 'MELVIN YOVANY  ', 'RAMIREZ PINEDA', '506565', ' ', 0, 'usuario', '10', 'no', '28', '', '', 0, 0, 0),
(41, 'operador1', 'Operador', 'Uno', 'operador', ' ', 3, 'usuario', '10', 'no', '28', '', '', 0, 0, 0);

-- --------------------------------------------------------

--
-- Estructura de tabla para la tabla `members_menu`
--

CREATE TABLE IF NOT EXISTS `members_menu` (
  `id` int(11) NOT NULL AUTO_INCREMENT,
  `name` varchar(30) NOT NULL DEFAULT '',
  `page_name` varchar(100) NOT NULL,
  `is_menu_group` tinyint(1) NOT NULL DEFAULT '0',
  `is_removable` tinyint(1) NOT NULL DEFAULT '0',
  `is_hidden` tinyint(1) NOT NULL DEFAULT '0',
  `parent_id` int(11) NOT NULL DEFAULT '0',
  `order_index` tinyint(3) NOT NULL DEFAULT '0',
  `icon` varchar(30) DEFAULT NULL,
  `is_dashboard_icon` tinyint(1) DEFAULT '1',
  `is_menu_item` tinyint(1) NOT NULL DEFAULT '1',
  `file_type_id` tinyint(3) NOT NULL DEFAULT '2',
  PRIMARY KEY (`id`),
  KEY `parent_id` (`parent_id`),
  KEY `is_menu_name` (`is_menu_group`)
) ENGINE=MyISAM  DEFAULT CHARSET=latin1 AUTO_INCREMENT=8 ;

--
-- Volcado de datos para la tabla `members_menu`
--

INSERT INTO `members_menu` (`id`, `name`, `page_name`, `is_menu_group`, `is_removable`, `is_hidden`, `parent_id`, `order_index`, `icon`, `is_dashboard_icon`, `is_menu_item`, `file_type_id`) VALUES
(1, 'Administracion', '', 1, 0, 0, 0, 0, NULL, 1, 1, 2),
(2, 'Control de Aplicaciones', 'admin/menu_manager.php', 0, 0, 0, 1, 0, NULL, 0, 1, 2),
(3, 'Control de Empresas', 'admin/el_empresas_crud.php', 0, 0, 0, 1, 2, NULL, 0, 1, 2),
(4, 'Control de Categorias', 'admin/el_categorias_crud.php', 0, 0, 0, 1, 1, NULL, 0, 1, 2),
(5, 'Control de Cupones', 'admin/el_cupones_crud.php', 0, 0, 0, 1, 3, NULL, 0, 1, 2),
(6, 'Control de Usuarios', 'admin/el_usuarios.php', 0, 0, 0, 1, 4, NULL, 0, 1, 2),
(7, 'Control de Areas', 'admin/el_areas.php', 0, 0, 0, 1, 5, NULL, 0, 1, 2);

-- --------------------------------------------------------

--
-- Estructura de tabla para la tabla `members_session`
--

CREATE TABLE IF NOT EXISTS `members_session` (
  `id` int(11) NOT NULL AUTO_INCREMENT,
  `user_id` int(11) NOT NULL,
  `user` varchar(30) NOT NULL,
  `session` varchar(60) NOT NULL,
  `fecha` date NOT NULL,
  `hora_i` time NOT NULL,
  `hora_s` time NOT NULL,
  `ip` varchar(18) NOT NULL,
  `online` tinyint(4) NOT NULL,
  PRIMARY KEY (`id`)
) ENGINE=MyISAM  DEFAULT CHARSET=latin1 AUTO_INCREMENT=101 ;

--
-- Volcado de datos para la tabla `members_session`
--

INSERT INTO `members_session` (`id`, `user_id`, `user`, `session`, `fecha`, `hora_i`, `hora_s`, `ip`, `online`) VALUES
(1, 1, 'egarcia', '1', '2011-12-06', '23:57:13', '23:56:51', '127.0.0.1', 1),
(2, 15, 'usuario', '15', '2011-12-06', '23:42:12', '23:59:41', '127.0.0.1', 0),
(3, 1, 'egarcia', '1', '2011-12-07', '11:34:49', '11:37:28', '127.0.0.1', 0),
(4, 15, 'usuario', '15', '2011-12-07', '10:06:54', '00:00:00', '127.0.0.1', 1),
(5, 16, 'Everth', '16', '2011-12-07', '12:08:23', '12:28:03', '172.22.144.19', 0),
(6, 17, 'TorresJonathan', '17', '2011-12-07', '12:19:05', '12:24:40', '172.22.144.19', 0),
(7, 16, 'Everth', '16', '2011-12-09', '12:08:59', '12:09:28', '172.22.144.19', 0),
(8, 17, 'TorresJonathan', '17', '2011-12-09', '12:50:23', '11:48:53', '172.22.144.19', 1),
(9, 21, 'CortesEver', '21', '2011-12-09', '12:02:12', '12:07:04', '172.16.145.51', 0),
(10, 22, 'LozanoOmar', '22', '2011-12-09', '13:52:06', '00:00:00', '172.16.144.240', 1),
(11, 17, 'TorresJonathan', '17', '2011-12-12', '15:32:06', '00:00:00', '172.16.144.240', 1),
(12, 18, 'CaballeroCarlos', '18', '2012-01-05', '10:50:33', '00:00:00', '172.16.144.194', 1),
(13, 22, 'LozanoOmar', '22', '2012-01-05', '10:43:34', '10:47:40', '172.22.144.3', 0),
(14, 17, 'TorresJonathan', '17', '2012-01-05', '10:43:55', '11:01:58', '172.22.144.41', 0),
(15, 16, 'MorelEverth', '16', '2012-01-05', '10:51:52', '00:00:00', '172.22.144.3', 1),
(16, 18, 'CaballeroCarlos', '18', '2012-01-09', '12:17:13', '00:00:00', '172.16.144.197', 1),
(17, 21, 'CortesEver', '21', '2012-01-10', '07:53:32', '07:54:11', '172.16.145.51', 0),
(18, 17, 'TorresJonathan', '17', '2012-01-11', '10:55:12', '00:00:00', '172.22.144.69', 1),
(19, 1, 'egarcia', '1', '2012-02-01', '15:47:12', '15:49:47', '172.16.145.207', 0),
(20, 23, 'BerriosCelso', '23', '2012-02-01', '15:45:17', '15:46:39', '172.16.144.196', 0),
(21, 24, 'CelsoBerrios', '24', '2012-02-01', '15:50:03', '00:00:00', '172.16.144.196', 1),
(22, 24, 'CelsoBerrios', '24', '2012-02-02', '09:31:11', '00:00:00', '172.16.144.196', 1),
(23, 1, 'egarcia', '1', '2012-02-03', '10:18:10', '10:19:22', '172.16.145.207', 0),
(24, 24, 'CelsoBerrios', '24', '2012-02-03', '08:54:30', '08:54:52', '172.16.145.207', 0),
(25, 18, 'CaballeroCarlos', '18', '2012-02-03', '09:01:32', '09:06:48', '172.16.144.231', 0),
(26, 1, 'egarcia', '1', '2012-02-09', '08:43:02', '10:17:11', '172.16.145.207', 0),
(27, 17, 'TorresJonathan', '17', '2012-02-09', '16:57:34', '13:45:14', '172.16.145.17', 1),
(28, 21, 'CortesEver', '21', '2012-02-09', '13:33:32', '13:36:20', '172.16.145.51', 0),
(29, 17, 'TorresJonathan', '17', '2012-02-10', '08:20:13', '00:00:00', '172.16.146.55', 1),
(30, 17, 'TorresJonathan', '17', '2012-02-13', '16:41:44', '17:01:10', '172.16.144.223', 0),
(31, 17, 'TorresJonathan', '17', '2012-02-14', '07:19:57', '09:20:06', '172.16.144.223', 0),
(32, 1, 'egarcia', '1', '2012-02-22', '09:20:47', '09:21:01', '172.16.145.207', 0),
(33, 17, 'TorresJonathan', '17', '2012-02-22', '09:54:33', '00:00:00', '172.16.145.207', 1),
(34, 18, 'CaballeroCarlos', '18', '2012-02-22', '10:28:54', '10:35:42', '172.16.144.213', 0),
(35, 1, 'egarcia', '1', '2012-02-24', '09:03:36', '09:03:31', '172.16.145.14', 1),
(36, 17, 'TorresJonathan', '17', '2012-02-24', '09:14:54', '11:29:17', '172.16.144.203', 0),
(37, 1, 'egarcia', '1', '2012-03-02', '09:07:36', '00:00:00', '127.0.0.1', 1),
(38, 17, 'TorresJonathan', '17', '2012-03-02', '11:04:09', '11:56:03', '172.16.145.14', 0),
(39, 17, 'TorresJonathan', '17', '2012-03-07', '11:56:19', '00:00:00', '172.16.145.14', 1),
(40, 1, 'egarcia', '1', '2012-04-16', '14:45:59', '14:50:41', '172.16.145.207', 0),
(41, 1, 'egarcia', '1', '2012-04-19', '09:23:08', '09:23:02', '172.16.145.207', 1),
(42, 17, 'TorresJonathan', '17', '2012-04-19', '10:11:45', '00:00:00', '172.16.144.248', 1),
(43, 17, 'TorresJonathan', '17', '2012-04-20', '14:19:30', '00:00:00', '172.16.144.248', 1),
(44, 1, 'egarcia', '1', '2012-04-23', '14:20:29', '00:00:00', '172.16.145.207', 1),
(45, 17, 'TorresJonathan', '17', '2012-04-23', '15:28:23', '00:00:00', '172.16.144.206', 1),
(46, 17, 'TorresJonathan', '17', '2012-04-26', '10:06:12', '00:00:00', '172.16.144.206', 1),
(47, 1, 'egarcia', '1', '2012-04-26', '10:26:52', '11:41:50', '172.16.144.255', 0),
(48, 17, 'TorresJonathan', '17', '2012-04-27', '15:03:39', '15:43:02', '172.16.144.206', 0),
(49, 17, 'TorresJonathan', '17', '2012-04-30', '15:21:16', '15:21:09', '172.16.144.193', 1),
(50, 1, 'egarcia', '1', '2012-04-30', '11:29:03', '11:37:27', '172.16.145.207', 0),
(51, 25, 'operador', '25', '2012-04-30', '10:34:09', '15:07:16', '172.16.145.207', 0),
(52, 26, 'operador2', '26', '2012-04-30', '10:53:19', '11:41:04', '172.16.145.84', 0),
(53, 27, 'B506680', '27', '2012-04-30', '15:31:47', '11:28:49', '172.16.145.77', 1),
(54, 28, 'B506840', '28', '2012-04-30', '16:31:32', '00:00:00', '172.16.145.77', 1),
(55, 1, 'egarcia', '1', '2012-05-04', '11:01:51', '11:35:43', '172.16.145.207', 0),
(56, 17, 'TorresJonathan', '17', '2012-05-04', '10:14:56', '11:01:34', '172.16.144.220', 0),
(57, 17, 'TorresJonathan', '17', '2012-05-08', '10:02:19', '00:00:00', '172.16.145.77', 1),
(58, 19, 'CanalesLeticia', '19', '2012-05-08', '10:00:48', '00:00:00', '172.16.145.77', 1),
(59, 17, 'TorresJonathan', '17', '2012-05-11', '16:59:15', '12:18:57', '172.16.144.228', 1),
(60, 1, 'egarcia', '1', '2012-05-30', '10:47:18', '00:00:00', '172.16.145.207', 1),
(61, 1, 'egarcia', '1', '2012-06-06', '10:07:23', '11:08:48', '172.16.145.207', 0),
(62, 17, 'TorresJonathan', '17', '2012-06-06', '10:06:47', '10:07:10', '172.16.144.206', 0),
(63, 1, 'egarcia', '1', '2012-06-07', '09:36:17', '09:36:53', '172.16.145.109', 0),
(64, 26, 'operador2', '26', '2012-06-07', '09:39:27', '08:43:19', '172.16.144.190', 1),
(65, 41, 'operador1', '41', '2012-06-07', '09:42:51', '08:42:59', '172.16.145.109', 1),
(66, 25, 'operador', '25', '2012-06-07', '09:32:59', '08:43:33', '172.16.145.153', 1),
(67, 19, 'CanalesLeticia', '19', '2012-06-07', '09:40:47', '09:42:03', '172.16.144.190', 0),
(68, 1, 'egarcia', '1', '2012-06-20', '10:13:43', '10:15:56', '172.16.145.207', 0),
(69, 17, 'TorresJonathan', '17', '2012-06-20', '10:16:09', '00:00:00', '127.0.0.1', 1),
(70, 1, 'egarcia', '1', '2012-06-21', '22:39:18', '22:38:07', '127.0.0.1', 1),
(71, 17, 'TorresJonathan', '17', '2012-06-21', '18:18:14', '00:00:00', '127.0.0.1', 1),
(72, 1, 'egarcia', '1', '2012-06-22', '13:16:06', '13:15:22', '127.0.0.1', 1),
(73, 1, 'egarcia', '1', '2012-06-23', '22:09:44', '00:00:00', '127.0.0.1', 1),
(74, 1, 'egarcia', '1', '2012-06-24', '14:47:43', '00:00:00', '127.0.0.1', 1),
(75, 1, 'egarcia', '1', '2012-06-25', '22:12:58', '10:05:51', '127.0.0.1', 1),
(76, 1, 'egarcia', '1', '2012-06-26', '21:42:22', '00:00:00', '127.0.0.1', 1),
(77, 1, 'egarcia', '1', '2012-06-27', '10:48:19', '00:00:00', '127.0.0.1', 1),
(78, 1, 'egarcia', '1', '2012-06-28', '18:59:07', '00:00:00', '127.0.0.1', 1),
(79, 1, 'egarcia', '1', '2012-06-29', '09:32:35', '00:00:00', '127.0.0.1', 1),
(80, 1, 'egarcia', '1', '2012-07-01', '10:36:52', '00:00:00', '127.0.0.1', 1),
(81, 1, 'egarcia', '1', '2012-07-03', '13:35:46', '00:00:00', '127.0.0.1', 1),
(82, 1, 'egarcia', '1', '2012-07-04', '15:03:17', '00:00:00', '127.0.0.1', 1),
(83, 1, 'egarcia', '1', '2012-07-05', '11:49:02', '00:00:00', '127.0.0.1', 1),
(84, 1, 'egarcia', '1', '2012-07-09', '08:01:58', '00:00:00', '127.0.0.1', 1),
(85, 1, 'egarcia', '1', '2012-07-11', '08:45:18', '00:00:00', '127.0.0.1', 1),
(86, 1, 'egarcia', '1', '2012-07-14', '09:36:59', '00:00:00', '127.0.0.1', 1),
(87, 1, 'egarcia', '1', '2012-07-17', '13:28:14', '00:00:00', '127.0.0.1', 1),
(88, 1, 'egarcia', '1', '2012-07-19', '22:49:21', '22:36:49', '127.0.0.1', 1),
(89, 1, 'egarcia', '1', '2012-07-24', '20:53:58', '00:00:00', '127.0.0.1', 1),
(90, 1, 'egarcia', '1', '2012-07-25', '21:05:28', '00:00:00', '127.0.0.1', 1),
(91, 1, 'egarcia', '1', '2012-07-26', '20:45:36', '00:00:00', '127.0.0.1', 1),
(92, 1, 'egarcia', '1', '2012-07-31', '17:43:19', '00:00:00', '127.0.0.1', 1),
(93, 1, 'egarcia', '1', '2012-08-03', '09:46:30', '09:53:12', '127.0.0.1', 0),
(94, 1, 'egarcia', '1', '2012-08-08', '10:14:39', '00:00:00', '127.0.0.1', 1),
(95, 1, 'egarcia', '1', '2012-08-10', '12:13:14', '00:00:00', '190.5.95.104', 1),
(96, 1, 'egarcia', '1', '2012-08-20', '12:20:18', '12:22:15', '190.5.95.104', 0),
(97, 1, 'egarcia', '1', '2012-08-25', '21:30:12', '00:00:00', '190.130.54.160', 1),
(98, 1, 'egarcia', '1', '2012-08-26', '19:29:04', '00:00:00', '190.6.197.226', 1),
(99, 1, 'egarcia', '1', '2012-08-30', '19:19:11', '00:00:00', '190.4.0.10', 1),
(100, 1, 'egarcia', '1', '2012-09-02', '02:24:06', '00:00:00', '190.130.54.160', 1);
--
-- Base de datos: `information_schema`
--
CREATE DATABASE `information_schema` DEFAULT CHARACTER SET utf8 COLLATE utf8_general_ci;
USE `information_schema`;

-- --------------------------------------------------------

--
-- Estructura de tabla para la tabla `CHARACTER_SETS`
--

CREATE TEMPORARY TABLE `CHARACTER_SETS` (
  `CHARACTER_SET_NAME` varchar(32) NOT NULL DEFAULT '',
  `DEFAULT_COLLATE_NAME` varchar(32) NOT NULL DEFAULT '',
  `DESCRIPTION` varchar(60) NOT NULL DEFAULT '',
  `MAXLEN` bigint(3) NOT NULL DEFAULT '0'
) ENGINE=MEMORY DEFAULT CHARSET=utf8;

--
-- Volcado de datos para la tabla `CHARACTER_SETS`
--

INSERT INTO `CHARACTER_SETS` (`CHARACTER_SET_NAME`, `DEFAULT_COLLATE_NAME`, `DESCRIPTION`, `MAXLEN`) VALUES
('big5', 'big5_chinese_ci', 'Big5 Traditional Chinese', 2),
('dec8', 'dec8_swedish_ci', 'DEC West European', 1),
('cp850', 'cp850_general_ci', 'DOS West European', 1),
('hp8', 'hp8_english_ci', 'HP West European', 1),
('koi8r', 'koi8r_general_ci', 'KOI8-R Relcom Russian', 1),
('latin1', 'latin1_swedish_ci', 'cp1252 West European', 1),
('latin2', 'latin2_general_ci', 'ISO 8859-2 Central European', 1),
('swe7', 'swe7_swedish_ci', '7bit Swedish', 1),
('ascii', 'ascii_general_ci', 'US ASCII', 1),
('ujis', 'ujis_japanese_ci', 'EUC-JP Japanese', 3),
('sjis', 'sjis_japanese_ci', 'Shift-JIS Japanese', 2),
('hebrew', 'hebrew_general_ci', 'ISO 8859-8 Hebrew', 1),
('tis620', 'tis620_thai_ci', 'TIS620 Thai', 1),
('euckr', 'euckr_korean_ci', 'EUC-KR Korean', 2),
('koi8u', 'koi8u_general_ci', 'KOI8-U Ukrainian', 1),
('gb2312', 'gb2312_chinese_ci', 'GB2312 Simplified Chinese', 2),
('greek', 'greek_general_ci', 'ISO 8859-7 Greek', 1),
('cp1250', 'cp1250_general_ci', 'Windows Central European', 1),
('gbk', 'gbk_chinese_ci', 'GBK Simplified Chinese', 2),
('latin5', 'latin5_turkish_ci', 'ISO 8859-9 Turkish', 1),
('armscii8', 'armscii8_general_ci', 'ARMSCII-8 Armenian', 1),
('utf8', 'utf8_general_ci', 'UTF-8 Unicode', 3),
('ucs2', 'ucs2_general_ci', 'UCS-2 Unicode', 2),
('cp866', 'cp866_general_ci', 'DOS Russian', 1),
('keybcs2', 'keybcs2_general_ci', 'DOS Kamenicky Czech-Slovak', 1),
('macce', 'macce_general_ci', 'Mac Central European', 1),
('macroman', 'macroman_general_ci', 'Mac West European', 1),
('cp852', 'cp852_general_ci', 'DOS Central European', 1),
('latin7', 'latin7_general_ci', 'ISO 8859-13 Baltic', 1),
('cp1251', 'cp1251_general_ci', 'Windows Cyrillic', 1),
('cp1256', 'cp1256_general_ci', 'Windows Arabic', 1),
('cp1257', 'cp1257_general_ci', 'Windows Baltic', 1),
('binary', 'binary', 'Binary pseudo charset', 1),
('geostd8', 'geostd8_general_ci', 'GEOSTD8 Georgian', 1),
('cp932', 'cp932_japanese_ci', 'SJIS for Windows Japanese', 2),
('eucjpms', 'eucjpms_japanese_ci', 'UJIS for Windows Japanese', 3);

-- --------------------------------------------------------

--
-- Estructura de tabla para la tabla `COLLATIONS`
--

CREATE TEMPORARY TABLE `COLLATIONS` (
  `COLLATION_NAME` varchar(32) NOT NULL DEFAULT '',
  `CHARACTER_SET_NAME` varchar(32) NOT NULL DEFAULT '',
  `ID` bigint(11) NOT NULL DEFAULT '0',
  `IS_DEFAULT` varchar(3) NOT NULL DEFAULT '',
  `IS_COMPILED` varchar(3) NOT NULL DEFAULT '',
  `SORTLEN` bigint(3) NOT NULL DEFAULT '0'
) ENGINE=MEMORY DEFAULT CHARSET=utf8;

--
-- Volcado de datos para la tabla `COLLATIONS`
--

INSERT INTO `COLLATIONS` (`COLLATION_NAME`, `CHARACTER_SET_NAME`, `ID`, `IS_DEFAULT`, `IS_COMPILED`, `SORTLEN`) VALUES
('big5_chinese_ci', 'big5', 1, 'Yes', 'Yes', 1),
('big5_bin', 'big5', 84, '', 'Yes', 1),
('dec8_swedish_ci', 'dec8', 3, 'Yes', '', 0),
('dec8_bin', 'dec8', 69, '', '', 0),
('cp850_general_ci', 'cp850', 4, 'Yes', '', 0),
('cp850_bin', 'cp850', 80, '', '', 0),
('hp8_english_ci', 'hp8', 6, 'Yes', '', 0),
('hp8_bin', 'hp8', 72, '', '', 0),
('koi8r_general_ci', 'koi8r', 7, 'Yes', '', 0),
('koi8r_bin', 'koi8r', 74, '', '', 0),
('latin1_german1_ci', 'latin1', 5, '', 'Yes', 1),
('latin1_swedish_ci', 'latin1', 8, 'Yes', 'Yes', 1),
('latin1_danish_ci', 'latin1', 15, '', 'Yes', 1),
('latin1_german2_ci', 'latin1', 31, '', 'Yes', 2),
('latin1_bin', 'latin1', 47, '', 'Yes', 1),
('latin1_general_ci', 'latin1', 48, '', 'Yes', 1),
('latin1_general_cs', 'latin1', 49, '', 'Yes', 1),
('latin1_spanish_ci', 'latin1', 94, '', 'Yes', 1),
('latin2_czech_cs', 'latin2', 2, '', 'Yes', 4),
('latin2_general_ci', 'latin2', 9, 'Yes', 'Yes', 1),
('latin2_hungarian_ci', 'latin2', 21, '', 'Yes', 1),
('latin2_croatian_ci', 'latin2', 27, '', 'Yes', 1),
('latin2_bin', 'latin2', 77, '', 'Yes', 1),
('swe7_swedish_ci', 'swe7', 10, 'Yes', '', 0),
('swe7_bin', 'swe7', 82, '', '', 0),
('ascii_general_ci', 'ascii', 11, 'Yes', '', 0),
('ascii_bin', 'ascii', 65, '', '', 0),
('ujis_japanese_ci', 'ujis', 12, 'Yes', 'Yes', 1),
('ujis_bin', 'ujis', 91, '', 'Yes', 1),
('sjis_japanese_ci', 'sjis', 13, 'Yes', 'Yes', 1),
('sjis_bin', 'sjis', 88, '', 'Yes', 1),
('hebrew_general_ci', 'hebrew', 16, 'Yes', '', 0),
('hebrew_bin', 'hebrew', 71, '', '', 0),
('tis620_thai_ci', 'tis620', 18, 'Yes', 'Yes', 4),
('tis620_bin', 'tis620', 89, '', 'Yes', 1),
('euckr_korean_ci', 'euckr', 19, 'Yes', 'Yes', 1),
('euckr_bin', 'euckr', 85, '', 'Yes', 1),
('koi8u_general_ci', 'koi8u', 22, 'Yes', '', 0),
('koi8u_bin', 'koi8u', 75, '', '', 0),
('gb2312_chinese_ci', 'gb2312', 24, 'Yes', 'Yes', 1),
('gb2312_bin', 'gb2312', 86, '', 'Yes', 1),
('greek_general_ci', 'greek', 25, 'Yes', '', 0),
('greek_bin', 'greek', 70, '', '', 0),
('cp1250_general_ci', 'cp1250', 26, 'Yes', 'Yes', 1),
('cp1250_czech_cs', 'cp1250', 34, '', 'Yes', 2),
('cp1250_croatian_ci', 'cp1250', 44, '', 'Yes', 1),
('cp1250_bin', 'cp1250', 66, '', 'Yes', 1),
('cp1250_polish_ci', 'cp1250', 99, '', 'Yes', 1),
('gbk_chinese_ci', 'gbk', 28, 'Yes', 'Yes', 1),
('gbk_bin', 'gbk', 87, '', 'Yes', 1),
('latin5_turkish_ci', 'latin5', 30, 'Yes', '', 0),
('latin5_bin', 'latin5', 78, '', '', 0),
('armscii8_general_ci', 'armscii8', 32, 'Yes', '', 0),
('armscii8_bin', 'armscii8', 64, '', '', 0),
('utf8_general_ci', 'utf8', 33, 'Yes', 'Yes', 1),
('utf8_bin', 'utf8', 83, '', 'Yes', 1),
('utf8_unicode_ci', 'utf8', 192, '', 'Yes', 8),
('utf8_icelandic_ci', 'utf8', 193, '', 'Yes', 8),
('utf8_latvian_ci', 'utf8', 194, '', 'Yes', 8),
('utf8_romanian_ci', 'utf8', 195, '', 'Yes', 8),
('utf8_slovenian_ci', 'utf8', 196, '', 'Yes', 8),
('utf8_polish_ci', 'utf8', 197, '', 'Yes', 8),
('utf8_estonian_ci', 'utf8', 198, '', 'Yes', 8),
('utf8_spanish_ci', 'utf8', 199, '', 'Yes', 8),
('utf8_swedish_ci', 'utf8', 200, '', 'Yes', 8),
('utf8_turkish_ci', 'utf8', 201, '', 'Yes', 8),
('utf8_czech_ci', 'utf8', 202, '', 'Yes', 8),
('utf8_danish_ci', 'utf8', 203, '', 'Yes', 8),
('utf8_lithuanian_ci', 'utf8', 204, '', 'Yes', 8),
('utf8_slovak_ci', 'utf8', 205, '', 'Yes', 8),
('utf8_spanish2_ci', 'utf8', 206, '', 'Yes', 8),
('utf8_roman_ci', 'utf8', 207, '', 'Yes', 8),
('utf8_persian_ci', 'utf8', 208, '', 'Yes', 8),
('utf8_esperanto_ci', 'utf8', 209, '', 'Yes', 8),
('utf8_hungarian_ci', 'utf8', 210, '', 'Yes', 8),
('ucs2_general_ci', 'ucs2', 35, 'Yes', 'Yes', 1),
('ucs2_bin', 'ucs2', 90, '', 'Yes', 1),
('ucs2_unicode_ci', 'ucs2', 128, '', 'Yes', 8),
('ucs2_icelandic_ci', 'ucs2', 129, '', 'Yes', 8),
('ucs2_latvian_ci', 'ucs2', 130, '', 'Yes', 8),
('ucs2_romanian_ci', 'ucs2', 131, '', 'Yes', 8),
('ucs2_slovenian_ci', 'ucs2', 132, '', 'Yes', 8),
('ucs2_polish_ci', 'ucs2', 133, '', 'Yes', 8),
('ucs2_estonian_ci', 'ucs2', 134, '', 'Yes', 8),
('ucs2_spanish_ci', 'ucs2', 135, '', 'Yes', 8),
('ucs2_swedish_ci', 'ucs2', 136, '', 'Yes', 8),
('ucs2_turkish_ci', 'ucs2', 137, '', 'Yes', 8),
('ucs2_czech_ci', 'ucs2', 138, '', 'Yes', 8),
('ucs2_danish_ci', 'ucs2', 139, '', 'Yes', 8),
('ucs2_lithuanian_ci', 'ucs2', 140, '', 'Yes', 8),
('ucs2_slovak_ci', 'ucs2', 141, '', 'Yes', 8),
('ucs2_spanish2_ci', 'ucs2', 142, '', 'Yes', 8),
('ucs2_roman_ci', 'ucs2', 143, '', 'Yes', 8),
('ucs2_persian_ci', 'ucs2', 144, '', 'Yes', 8),
('ucs2_esperanto_ci', 'ucs2', 145, '', 'Yes', 8),
('ucs2_hungarian_ci', 'ucs2', 146, '', 'Yes', 8),
('cp866_general_ci', 'cp866', 36, 'Yes', '', 0),
('cp866_bin', 'cp866', 68, '', '', 0),
('keybcs2_general_ci', 'keybcs2', 37, 'Yes', '', 0),
('keybcs2_bin', 'keybcs2', 73, '', '', 0),
('macce_general_ci', 'macce', 38, 'Yes', '', 0),
('macce_bin', 'macce', 43, '', '', 0),
('macroman_general_ci', 'macroman', 39, 'Yes', '', 0),
('macroman_bin', 'macroman', 53, '', '', 0),
('cp852_general_ci', 'cp852', 40, 'Yes', '', 0),
('cp852_bin', 'cp852', 81, '', '', 0),
('latin7_estonian_cs', 'latin7', 20, '', '', 0),
('latin7_general_ci', 'latin7', 41, 'Yes', '', 0),
('latin7_general_cs', 'latin7', 42, '', '', 0),
('latin7_bin', 'latin7', 79, '', '', 0),
('cp1251_bulgarian_ci', 'cp1251', 14, '', '', 0),
('cp1251_ukrainian_ci', 'cp1251', 23, '', '', 0),
('cp1251_bin', 'cp1251', 50, '', '', 0),
('cp1251_general_ci', 'cp1251', 51, 'Yes', '', 0),
('cp1251_general_cs', 'cp1251', 52, '', '', 0),
('cp1256_general_ci', 'cp1256', 57, 'Yes', '', 0),
('cp1256_bin', 'cp1256', 67, '', '', 0),
('cp1257_lithuanian_ci', 'cp1257', 29, '', '', 0),
('cp1257_bin', 'cp1257', 58, '', '', 0),
('cp1257_general_ci', 'cp1257', 59, 'Yes', '', 0),
('binary', 'binary', 63, 'Yes', 'Yes', 1),
('geostd8_general_ci', 'geostd8', 92, 'Yes', '', 0),
('geostd8_bin', 'geostd8', 93, '', '', 0),
('cp932_japanese_ci', 'cp932', 95, 'Yes', 'Yes', 1),
('cp932_bin', 'cp932', 96, '', 'Yes', 1),
('eucjpms_japanese_ci', 'eucjpms', 97, 'Yes', 'Yes', 1),
('eucjpms_bin', 'eucjpms', 98, '', 'Yes', 1);

-- --------------------------------------------------------

--
-- Estructura de tabla para la tabla `COLLATION_CHARACTER_SET_APPLICABILITY`
--

CREATE TEMPORARY TABLE `COLLATION_CHARACTER_SET_APPLICABILITY` (
  `COLLATION_NAME` varchar(32) NOT NULL DEFAULT '',
  `CHARACTER_SET_NAME` varchar(32) NOT NULL DEFAULT ''
) ENGINE=MEMORY DEFAULT CHARSET=utf8;

--
-- Volcado de datos para la tabla `COLLATION_CHARACTER_SET_APPLICABILITY`
--

INSERT INTO `COLLATION_CHARACTER_SET_APPLICABILITY` (`COLLATION_NAME`, `CHARACTER_SET_NAME`) VALUES
('big5_chinese_ci', 'big5'),
('big5_bin', 'big5'),
('dec8_swedish_ci', 'dec8'),
('dec8_bin', 'dec8'),
('cp850_general_ci', 'cp850'),
('cp850_bin', 'cp850'),
('hp8_english_ci', 'hp8'),
('hp8_bin', 'hp8'),
('koi8r_general_ci', 'koi8r'),
('koi8r_bin', 'koi8r'),
('latin1_german1_ci', 'latin1'),
('latin1_swedish_ci', 'latin1'),
('latin1_danish_ci', 'latin1'),
('latin1_german2_ci', 'latin1'),
('latin1_bin', 'latin1'),
('latin1_general_ci', 'latin1'),
('latin1_general_cs', 'latin1'),
('latin1_spanish_ci', 'latin1'),
('latin2_czech_cs', 'latin2'),
('latin2_general_ci', 'latin2'),
('latin2_hungarian_ci', 'latin2'),
('latin2_croatian_ci', 'latin2'),
('latin2_bin', 'latin2'),
('swe7_swedish_ci', 'swe7'),
('swe7_bin', 'swe7'),
('ascii_general_ci', 'ascii'),
('ascii_bin', 'ascii'),
('ujis_japanese_ci', 'ujis'),
('ujis_bin', 'ujis'),
('sjis_japanese_ci', 'sjis'),
('sjis_bin', 'sjis'),
('hebrew_general_ci', 'hebrew'),
('hebrew_bin', 'hebrew'),
('filename', 'filename'),
('tis620_thai_ci', 'tis620'),
('tis620_bin', 'tis620'),
('euckr_korean_ci', 'euckr'),
('euckr_bin', 'euckr'),
('koi8u_general_ci', 'koi8u'),
('koi8u_bin', 'koi8u'),
('gb2312_chinese_ci', 'gb2312'),
('gb2312_bin', 'gb2312'),
('greek_general_ci', 'greek'),
('greek_bin', 'greek'),
('cp1250_general_ci', 'cp1250'),
('cp1250_czech_cs', 'cp1250'),
('cp1250_croatian_ci', 'cp1250'),
('cp1250_bin', 'cp1250'),
('cp1250_polish_ci', 'cp1250'),
('gbk_chinese_ci', 'gbk'),
('gbk_bin', 'gbk'),
('latin5_turkish_ci', 'latin5'),
('latin5_bin', 'latin5'),
('armscii8_general_ci', 'armscii8'),
('armscii8_bin', 'armscii8'),
('utf8_general_ci', 'utf8'),
('utf8_bin', 'utf8'),
('utf8_unicode_ci', 'utf8'),
('utf8_icelandic_ci', 'utf8'),
('utf8_latvian_ci', 'utf8'),
('utf8_romanian_ci', 'utf8'),
('utf8_slovenian_ci', 'utf8'),
('utf8_polish_ci', 'utf8'),
('utf8_estonian_ci', 'utf8'),
('utf8_spanish_ci', 'utf8'),
('utf8_swedish_ci', 'utf8'),
('utf8_turkish_ci', 'utf8'),
('utf8_czech_ci', 'utf8'),
('utf8_danish_ci', 'utf8'),
('utf8_lithuanian_ci', 'utf8'),
('utf8_slovak_ci', 'utf8'),
('utf8_spanish2_ci', 'utf8'),
('utf8_roman_ci', 'utf8'),
('utf8_persian_ci', 'utf8'),
('utf8_esperanto_ci', 'utf8'),
('utf8_hungarian_ci', 'utf8'),
('ucs2_general_ci', 'ucs2'),
('ucs2_bin', 'ucs2'),
('ucs2_unicode_ci', 'ucs2'),
('ucs2_icelandic_ci', 'ucs2'),
('ucs2_latvian_ci', 'ucs2'),
('ucs2_romanian_ci', 'ucs2'),
('ucs2_slovenian_ci', 'ucs2'),
('ucs2_polish_ci', 'ucs2'),
('ucs2_estonian_ci', 'ucs2'),
('ucs2_spanish_ci', 'ucs2'),
('ucs2_swedish_ci', 'ucs2'),
('ucs2_turkish_ci', 'ucs2'),
('ucs2_czech_ci', 'ucs2'),
('ucs2_danish_ci', 'ucs2'),
('ucs2_lithuanian_ci', 'ucs2'),
('ucs2_slovak_ci', 'ucs2'),
('ucs2_spanish2_ci', 'ucs2'),
('ucs2_roman_ci', 'ucs2'),
('ucs2_persian_ci', 'ucs2'),
('ucs2_esperanto_ci', 'ucs2'),
('ucs2_hungarian_ci', 'ucs2'),
('cp866_general_ci', 'cp866'),
('cp866_bin', 'cp866'),
('keybcs2_general_ci', 'keybcs2'),
('keybcs2_bin', 'keybcs2'),
('macce_general_ci', 'macce'),
('macce_bin', 'macce'),
('macroman_general_ci', 'macroman'),
('macroman_bin', 'macroman'),
('cp852_general_ci', 'cp852'),
('cp852_bin', 'cp852'),
('latin7_estonian_cs', 'latin7'),
('latin7_general_ci', 'latin7'),
('latin7_general_cs', 'latin7'),
('latin7_bin', 'latin7'),
('cp1251_bulgarian_ci', 'cp1251'),
('cp1251_ukrainian_ci', 'cp1251'),
('cp1251_bin', 'cp1251'),
('cp1251_general_ci', 'cp1251'),
('cp1251_general_cs', 'cp1251'),
('cp1256_general_ci', 'cp1256'),
('cp1256_bin', 'cp1256'),
('cp1257_lithuanian_ci', 'cp1257'),
('cp1257_bin', 'cp1257'),
('cp1257_general_ci', 'cp1257'),
('binary', 'binary'),
('geostd8_general_ci', 'geostd8'),
('geostd8_bin', 'geostd8'),
('cp932_japanese_ci', 'cp932'),
('cp932_bin', 'cp932'),
('eucjpms_japanese_ci', 'eucjpms'),
('eucjpms_bin', 'eucjpms');

-- --------------------------------------------------------

--
-- Estructura de tabla para la tabla `COLUMNS`
--

CREATE TEMPORARY TABLE `COLUMNS` (
  `TABLE_CATALOG` varchar(512) DEFAULT NULL,
  `TABLE_SCHEMA` varchar(64) NOT NULL DEFAULT '',
  `TABLE_NAME` varchar(64) NOT NULL DEFAULT '',
  `COLUMN_NAME` varchar(64) NOT NULL DEFAULT '',
  `ORDINAL_POSITION` bigint(21) unsigned NOT NULL DEFAULT '0',
  `COLUMN_DEFAULT` longtext,
  `IS_NULLABLE` varchar(3) NOT NULL DEFAULT '',
  `DATA_TYPE` varchar(64) NOT NULL DEFAULT '',
  `CHARACTER_MAXIMUM_LENGTH` bigint(21) unsigned DEFAULT NULL,
  `CHARACTER_OCTET_LENGTH` bigint(21) unsigned DEFAULT NULL,
  `NUMERIC_PRECISION` bigint(21) unsigned DEFAULT NULL,
  `NUMERIC_SCALE` bigint(21) unsigned DEFAULT NULL,
  `CHARACTER_SET_NAME` varchar(32) DEFAULT NULL,
  `COLLATION_NAME` varchar(32) DEFAULT NULL,
  `COLUMN_TYPE` longtext NOT NULL,
  `COLUMN_KEY` varchar(3) NOT NULL DEFAULT '',
  `EXTRA` varchar(27) NOT NULL DEFAULT '',
  `PRIVILEGES` varchar(80) NOT NULL DEFAULT '',
  `COLUMN_COMMENT` varchar(255) NOT NULL DEFAULT ''
) ENGINE=MyISAM DEFAULT CHARSET=utf8;

--
-- Volcado de datos para la tabla `COLUMNS`
--

INSERT INTO `COLUMNS` (`TABLE_CATALOG`, `TABLE_SCHEMA`, `TABLE_NAME`, `COLUMN_NAME`, `ORDINAL_POSITION`, `COLUMN_DEFAULT`, `IS_NULLABLE`, `DATA_TYPE`, `CHARACTER_MAXIMUM_LENGTH`, `CHARACTER_OCTET_LENGTH`, `NUMERIC_PRECISION`, `NUMERIC_SCALE`, `CHARACTER_SET_NAME`, `COLLATION_NAME`, `COLUMN_TYPE`, `COLUMN_KEY`, `EXTRA`, `PRIVILEGES`, `COLUMN_COMMENT`) VALUES
(NULL, 'information_schema', 'CHARACTER_SETS', 'CHARACTER_SET_NAME', 1, '', 'NO', 'varchar', 32, 96, NULL, NULL, 'utf8', 'utf8_general_ci', 'varchar(32)', '', '', 'select', ''),
(NULL, 'information_schema', 'CHARACTER_SETS', 'DEFAULT_COLLATE_NAME', 2, '', 'NO', 'varchar', 32, 96, NULL, NULL, 'utf8', 'utf8_general_ci', 'varchar(32)', '', '', 'select', ''),
(NULL, 'information_schema', 'CHARACTER_SETS', 'DESCRIPTION', 3, '', 'NO', 'varchar', 60, 180, NULL, NULL, 'utf8', 'utf8_general_ci', 'varchar(60)', '', '', 'select', ''),
(NULL, 'information_schema', 'CHARACTER_SETS', 'MAXLEN', 4, '0', 'NO', 'bigint', NULL, NULL, 19, 0, NULL, NULL, 'bigint(3)', '', '', 'select', ''),
(NULL, 'information_schema', 'COLLATIONS', 'COLLATION_NAME', 1, '', 'NO', 'varchar', 32, 96, NULL, NULL, 'utf8', 'utf8_general_ci', 'varchar(32)', '', '', 'select', ''),
(NULL, 'information_schema', 'COLLATIONS', 'CHARACTER_SET_NAME', 2, '', 'NO', 'varchar', 32, 96, NULL, NULL, 'utf8', 'utf8_general_ci', 'varchar(32)', '', '', 'select', ''),
(NULL, 'information_schema', 'COLLATIONS', 'ID', 3, '0', 'NO', 'bigint', NULL, NULL, 19, 0, NULL, NULL, 'bigint(11)', '', '', 'select', ''),
(NULL, 'information_schema', 'COLLATIONS', 'IS_DEFAULT', 4, '', 'NO', 'varchar', 3, 9, NULL, NULL, 'utf8', 'utf8_general_ci', 'varchar(3)', '', '', 'select', ''),
(NULL, 'information_schema', 'COLLATIONS', 'IS_COMPILED', 5, '', 'NO', 'varchar', 3, 9, NULL, NULL, 'utf8', 'utf8_general_ci', 'varchar(3)', '', '', 'select', ''),
(NULL, 'information_schema', 'COLLATIONS', 'SORTLEN', 6, '0', 'NO', 'bigint', NULL, NULL, 19, 0, NULL, NULL, 'bigint(3)', '', '', 'select', ''),
(NULL, 'information_schema', 'COLLATION_CHARACTER_SET_APPLICABILITY', 'COLLATION_NAME', 1, '', 'NO', 'varchar', 32, 96, NULL, NULL, 'utf8', 'utf8_general_ci', 'varchar(32)', '', '', 'select', ''),
(NULL, 'information_schema', 'COLLATION_CHARACTER_SET_APPLICABILITY', 'CHARACTER_SET_NAME', 2, '', 'NO', 'varchar', 32, 96, NULL, NULL, 'utf8', 'utf8_general_ci', 'varchar(32)', '', '', 'select', ''),
(NULL, 'information_schema', 'COLUMNS', 'TABLE_CATALOG', 1, NULL, 'YES', 'varchar', 512, 1536, NULL, NULL, 'utf8', 'utf8_general_ci', 'varchar(512)', '', '', 'select', ''),
(NULL, 'information_schema', 'COLUMNS', 'TABLE_SCHEMA', 2, '', 'NO', 'varchar', 64, 192, NULL, NULL, 'utf8', 'utf8_general_ci', 'varchar(64)', '', '', 'select', ''),
(NULL, 'information_schema', 'COLUMNS', 'TABLE_NAME', 3, '', 'NO', 'varchar', 64, 192, NULL, NULL, 'utf8', 'utf8_general_ci', 'varchar(64)', '', '', 'select', ''),
(NULL, 'information_schema', 'COLUMNS', 'COLUMN_NAME', 4, '', 'NO', 'varchar', 64, 192, NULL, NULL, 'utf8', 'utf8_general_ci', 'varchar(64)', '', '', 'select', ''),
(NULL, 'information_schema', 'COLUMNS', 'ORDINAL_POSITION', 5, '0', 'NO', 'bigint', NULL, NULL, 20, 0, NULL, NULL, 'bigint(21) unsigned', '', '', 'select', ''),
(NULL, 'information_schema', 'COLUMNS', 'COLUMN_DEFAULT', 6, NULL, 'YES', 'longtext', 4294967295, 4294967295, NULL, NULL, 'utf8', 'utf8_general_ci', 'longtext', '', '', 'select', ''),
(NULL, 'information_schema', 'COLUMNS', 'IS_NULLABLE', 7, '', 'NO', 'varchar', 3, 9, NULL, NULL, 'utf8', 'utf8_general_ci', 'varchar(3)', '', '', 'select', ''),
(NULL, 'information_schema', 'COLUMNS', 'DATA_TYPE', 8, '', 'NO', 'varchar', 64, 192, NULL, NULL, 'utf8', 'utf8_general_ci', 'varchar(64)', '', '', 'select', ''),
(NULL, 'information_schema', 'COLUMNS', 'CHARACTER_MAXIMUM_LENGTH', 9, NULL, 'YES', 'bigint', NULL, NULL, 20, 0, NULL, NULL, 'bigint(21) unsigned', '', '', 'select', ''),
(NULL, 'information_schema', 'COLUMNS', 'CHARACTER_OCTET_LENGTH', 10, NULL, 'YES', 'bigint', NULL, NULL, 20, 0, NULL, NULL, 'bigint(21) unsigned', '', '', 'select', ''),
(NULL, 'information_schema', 'COLUMNS', 'NUMERIC_PRECISION', 11, NULL, 'YES', 'bigint', NULL, NULL, 20, 0, NULL, NULL, 'bigint(21) unsigned', '', '', 'select', ''),
(NULL, 'information_schema', 'COLUMNS', 'NUMERIC_SCALE', 12, NULL, 'YES', 'bigint', NULL, NULL, 20, 0, NULL, NULL, 'bigint(21) unsigned', '', '', 'select', ''),
(NULL, 'information_schema', 'COLUMNS', 'CHARACTER_SET_NAME', 13, NULL, 'YES', 'varchar', 32, 96, NULL, NULL, 'utf8', 'utf8_general_ci', 'varchar(32)', '', '', 'select', ''),
(NULL, 'information_schema', 'COLUMNS', 'COLLATION_NAME', 14, NULL, 'YES', 'varchar', 32, 96, NULL, NULL, 'utf8', 'utf8_general_ci', 'varchar(32)', '', '', 'select', ''),
(NULL, 'information_schema', 'COLUMNS', 'COLUMN_TYPE', 15, NULL, 'NO', 'longtext', 4294967295, 4294967295, NULL, NULL, 'utf8', 'utf8_general_ci', 'longtext', '', '', 'select', ''),
(NULL, 'information_schema', 'COLUMNS', 'COLUMN_KEY', 16, '', 'NO', 'varchar', 3, 9, NULL, NULL, 'utf8', 'utf8_general_ci', 'varchar(3)', '', '', 'select', ''),
(NULL, 'information_schema', 'COLUMNS', 'EXTRA', 17, '', 'NO', 'varchar', 27, 81, NULL, NULL, 'utf8', 'utf8_general_ci', 'varchar(27)', '', '', 'select', ''),
(NULL, 'information_schema', 'COLUMNS', 'PRIVILEGES', 18, '', 'NO', 'varchar', 80, 240, NULL, NULL, 'utf8', 'utf8_general_ci', 'varchar(80)', '', '', 'select', ''),
(NULL, 'information_schema', 'COLUMNS', 'COLUMN_COMMENT', 19, '', 'NO', 'varchar', 255, 765, NULL, NULL, 'utf8', 'utf8_general_ci', 'varchar(255)', '', '', 'select', ''),
(NULL, 'information_schema', 'COLUMN_PRIVILEGES', 'GRANTEE', 1, '', 'NO', 'varchar', 81, 243, NULL, NULL, 'utf8', 'utf8_general_ci', 'varchar(81)', '', '', 'select', ''),
(NULL, 'information_schema', 'COLUMN_PRIVILEGES', 'TABLE_CATALOG', 2, NULL, 'YES', 'varchar', 512, 1536, NULL, NULL, 'utf8', 'utf8_general_ci', 'varchar(512)', '', '', 'select', ''),
(NULL, 'information_schema', 'COLUMN_PRIVILEGES', 'TABLE_SCHEMA', 3, '', 'NO', 'varchar', 64, 192, NULL, NULL, 'utf8', 'utf8_general_ci', 'varchar(64)', '', '', 'select', ''),
(NULL, 'information_schema', 'COLUMN_PRIVILEGES', 'TABLE_NAME', 4, '', 'NO', 'varchar', 64, 192, NULL, NULL, 'utf8', 'utf8_general_ci', 'varchar(64)', '', '', 'select', ''),
(NULL, 'information_schema', 'COLUMN_PRIVILEGES', 'COLUMN_NAME', 5, '', 'NO', 'varchar', 64, 192, NULL, NULL, 'utf8', 'utf8_general_ci', 'varchar(64)', '', '', 'select', ''),
(NULL, 'information_schema', 'COLUMN_PRIVILEGES', 'PRIVILEGE_TYPE', 6, '', 'NO', 'varchar', 64, 192, NULL, NULL, 'utf8', 'utf8_general_ci', 'varchar(64)', '', '', 'select', ''),
(NULL, 'information_schema', 'COLUMN_PRIVILEGES', 'IS_GRANTABLE', 7, '', 'NO', 'varchar', 3, 9, NULL, NULL, 'utf8', 'utf8_general_ci', 'varchar(3)', '', '', 'select', ''),
(NULL, 'information_schema', 'ENGINES', 'ENGINE', 1, '', 'NO', 'varchar', 64, 192, NULL, NULL, 'utf8', 'utf8_general_ci', 'varchar(64)', '', '', 'select', ''),
(NULL, 'information_schema', 'ENGINES', 'SUPPORT', 2, '', 'NO', 'varchar', 8, 24, NULL, NULL, 'utf8', 'utf8_general_ci', 'varchar(8)', '', '', 'select', ''),
(NULL, 'information_schema', 'ENGINES', 'COMMENT', 3, '', 'NO', 'varchar', 80, 240, NULL, NULL, 'utf8', 'utf8_general_ci', 'varchar(80)', '', '', 'select', ''),
(NULL, 'information_schema', 'ENGINES', 'TRANSACTIONS', 4, NULL, 'YES', 'varchar', 3, 9, NULL, NULL, 'utf8', 'utf8_general_ci', 'varchar(3)', '', '', 'select', ''),
(NULL, 'information_schema', 'ENGINES', 'XA', 5, NULL, 'YES', 'varchar', 3, 9, NULL, NULL, 'utf8', 'utf8_general_ci', 'varchar(3)', '', '', 'select', ''),
(NULL, 'information_schema', 'ENGINES', 'SAVEPOINTS', 6, NULL, 'YES', 'varchar', 3, 9, NULL, NULL, 'utf8', 'utf8_general_ci', 'varchar(3)', '', '', 'select', ''),
(NULL, 'information_schema', 'EVENTS', 'EVENT_CATALOG', 1, NULL, 'YES', 'varchar', 64, 192, NULL, NULL, 'utf8', 'utf8_general_ci', 'varchar(64)', '', '', 'select', ''),
(NULL, 'information_schema', 'EVENTS', 'EVENT_SCHEMA', 2, '', 'NO', 'varchar', 64, 192, NULL, NULL, 'utf8', 'utf8_general_ci', 'varchar(64)', '', '', 'select', ''),
(NULL, 'information_schema', 'EVENTS', 'EVENT_NAME', 3, '', 'NO', 'varchar', 64, 192, NULL, NULL, 'utf8', 'utf8_general_ci', 'varchar(64)', '', '', 'select', ''),
(NULL, 'information_schema', 'EVENTS', 'DEFINER', 4, '', 'NO', 'varchar', 77, 231, NULL, NULL, 'utf8', 'utf8_general_ci', 'varchar(77)', '', '', 'select', ''),
(NULL, 'information_schema', 'EVENTS', 'TIME_ZONE', 5, '', 'NO', 'varchar', 64, 192, NULL, NULL, 'utf8', 'utf8_general_ci', 'varchar(64)', '', '', 'select', ''),
(NULL, 'information_schema', 'EVENTS', 'EVENT_BODY', 6, '', 'NO', 'varchar', 8, 24, NULL, NULL, 'utf8', 'utf8_general_ci', 'varchar(8)', '', '', 'select', ''),
(NULL, 'information_schema', 'EVENTS', 'EVENT_DEFINITION', 7, NULL, 'NO', 'longtext', 4294967295, 4294967295, NULL, NULL, 'utf8', 'utf8_general_ci', 'longtext', '', '', 'select', ''),
(NULL, 'information_schema', 'EVENTS', 'EVENT_TYPE', 8, '', 'NO', 'varchar', 9, 27, NULL, NULL, 'utf8', 'utf8_general_ci', 'varchar(9)', '', '', 'select', ''),
(NULL, 'information_schema', 'EVENTS', 'EXECUTE_AT', 9, NULL, 'YES', 'datetime', NULL, NULL, NULL, NULL, NULL, NULL, 'datetime', '', '', 'select', ''),
(NULL, 'information_schema', 'EVENTS', 'INTERVAL_VALUE', 10, NULL, 'YES', 'varchar', 256, 768, NULL, NULL, 'utf8', 'utf8_general_ci', 'varchar(256)', '', '', 'select', ''),
(NULL, 'information_schema', 'EVENTS', 'INTERVAL_FIELD', 11, NULL, 'YES', 'varchar', 18, 54, NULL, NULL, 'utf8', 'utf8_general_ci', 'varchar(18)', '', '', 'select', ''),
(NULL, 'information_schema', 'EVENTS', 'SQL_MODE', 12, '', 'NO', 'varchar', 8192, 24576, NULL, NULL, 'utf8', 'utf8_general_ci', 'varchar(8192)', '', '', 'select', ''),
(NULL, 'information_schema', 'EVENTS', 'STARTS', 13, NULL, 'YES', 'datetime', NULL, NULL, NULL, NULL, NULL, NULL, 'datetime', '', '', 'select', ''),
(NULL, 'information_schema', 'EVENTS', 'ENDS', 14, NULL, 'YES', 'datetime', NULL, NULL, NULL, NULL, NULL, NULL, 'datetime', '', '', 'select', ''),
(NULL, 'information_schema', 'EVENTS', 'STATUS', 15, '', 'NO', 'varchar', 18, 54, NULL, NULL, 'utf8', 'utf8_general_ci', 'varchar(18)', '', '', 'select', ''),
(NULL, 'information_schema', 'EVENTS', 'ON_COMPLETION', 16, '', 'NO', 'varchar', 12, 36, NULL, NULL, 'utf8', 'utf8_general_ci', 'varchar(12)', '', '', 'select', ''),
(NULL, 'information_schema', 'EVENTS', 'CREATED', 17, '0000-00-00 00:00:00', 'NO', 'datetime', NULL, NULL, NULL, NULL, NULL, NULL, 'datetime', '', '', 'select', ''),
(NULL, 'information_schema', 'EVENTS', 'LAST_ALTERED', 18, '0000-00-00 00:00:00', 'NO', 'datetime', NULL, NULL, NULL, NULL, NULL, NULL, 'datetime', '', '', 'select', ''),
(NULL, 'information_schema', 'EVENTS', 'LAST_EXECUTED', 19, NULL, 'YES', 'datetime', NULL, NULL, NULL, NULL, NULL, NULL, 'datetime', '', '', 'select', ''),
(NULL, 'information_schema', 'EVENTS', 'EVENT_COMMENT', 20, '', 'NO', 'varchar', 64, 192, NULL, NULL, 'utf8', 'utf8_general_ci', 'varchar(64)', '', '', 'select', ''),
(NULL, 'information_schema', 'EVENTS', 'ORIGINATOR', 21, '0', 'NO', 'bigint', NULL, NULL, 19, 0, NULL, NULL, 'bigint(10)', '', '', 'select', ''),
(NULL, 'information_schema', 'EVENTS', 'CHARACTER_SET_CLIENT', 22, '', 'NO', 'varchar', 32, 96, NULL, NULL, 'utf8', 'utf8_general_ci', 'varchar(32)', '', '', 'select', ''),
(NULL, 'information_schema', 'EVENTS', 'COLLATION_CONNECTION', 23, '', 'NO', 'varchar', 32, 96, NULL, NULL, 'utf8', 'utf8_general_ci', 'varchar(32)', '', '', 'select', ''),
(NULL, 'information_schema', 'EVENTS', 'DATABASE_COLLATION', 24, '', 'NO', 'varchar', 32, 96, NULL, NULL, 'utf8', 'utf8_general_ci', 'varchar(32)', '', '', 'select', ''),
(NULL, 'information_schema', 'FILES', 'FILE_ID', 1, '0', 'NO', 'bigint', NULL, NULL, 19, 0, NULL, NULL, 'bigint(4)', '', '', 'select', ''),
(NULL, 'information_schema', 'FILES', 'FILE_NAME', 2, NULL, 'YES', 'varchar', 64, 192, NULL, NULL, 'utf8', 'utf8_general_ci', 'varchar(64)', '', '', 'select', ''),
(NULL, 'information_schema', 'FILES', 'FILE_TYPE', 3, '', 'NO', 'varchar', 20, 60, NULL, NULL, 'utf8', 'utf8_general_ci', 'varchar(20)', '', '', 'select', ''),
(NULL, 'information_schema', 'FILES', 'TABLESPACE_NAME', 4, NULL, 'YES', 'varchar', 64, 192, NULL, NULL, 'utf8', 'utf8_general_ci', 'varchar(64)', '', '', 'select', ''),
(NULL, 'information_schema', 'FILES', 'TABLE_CATALOG', 5, NULL, 'YES', 'varchar', 64, 192, NULL, NULL, 'utf8', 'utf8_general_ci', 'varchar(64)', '', '', 'select', ''),
(NULL, 'information_schema', 'FILES', 'TABLE_SCHEMA', 6, NULL, 'YES', 'varchar', 64, 192, NULL, NULL, 'utf8', 'utf8_general_ci', 'varchar(64)', '', '', 'select', ''),
(NULL, 'information_schema', 'FILES', 'TABLE_NAME', 7, NULL, 'YES', 'varchar', 64, 192, NULL, NULL, 'utf8', 'utf8_general_ci', 'varchar(64)', '', '', 'select', ''),
(NULL, 'information_schema', 'FILES', 'LOGFILE_GROUP_NAME', 8, NULL, 'YES', 'varchar', 64, 192, NULL, NULL, 'utf8', 'utf8_general_ci', 'varchar(64)', '', '', 'select', ''),
(NULL, 'information_schema', 'FILES', 'LOGFILE_GROUP_NUMBER', 9, NULL, 'YES', 'bigint', NULL, NULL, 19, 0, NULL, NULL, 'bigint(4)', '', '', 'select', ''),
(NULL, 'information_schema', 'FILES', 'ENGINE', 10, '', 'NO', 'varchar', 64, 192, NULL, NULL, 'utf8', 'utf8_general_ci', 'varchar(64)', '', '', 'select', ''),
(NULL, 'information_schema', 'FILES', 'FULLTEXT_KEYS', 11, NULL, 'YES', 'varchar', 64, 192, NULL, NULL, 'utf8', 'utf8_general_ci', 'varchar(64)', '', '', 'select', ''),
(NULL, 'information_schema', 'FILES', 'DELETED_ROWS', 12, NULL, 'YES', 'bigint', NULL, NULL, 19, 0, NULL, NULL, 'bigint(4)', '', '', 'select', ''),
(NULL, 'information_schema', 'FILES', 'UPDATE_COUNT', 13, NULL, 'YES', 'bigint', NULL, NULL, 19, 0, NULL, NULL, 'bigint(4)', '', '', 'select', ''),
(NULL, 'information_schema', 'FILES', 'FREE_EXTENTS', 14, NULL, 'YES', 'bigint', NULL, NULL, 19, 0, NULL, NULL, 'bigint(4)', '', '', 'select', ''),
(NULL, 'information_schema', 'FILES', 'TOTAL_EXTENTS', 15, NULL, 'YES', 'bigint', NULL, NULL, 19, 0, NULL, NULL, 'bigint(4)', '', '', 'select', ''),
(NULL, 'information_schema', 'FILES', 'EXTENT_SIZE', 16, '0', 'NO', 'bigint', NULL, NULL, 19, 0, NULL, NULL, 'bigint(4)', '', '', 'select', ''),
(NULL, 'information_schema', 'FILES', 'INITIAL_SIZE', 17, NULL, 'YES', 'bigint', NULL, NULL, 20, 0, NULL, NULL, 'bigint(21) unsigned', '', '', 'select', ''),
(NULL, 'information_schema', 'FILES', 'MAXIMUM_SIZE', 18, NULL, 'YES', 'bigint', NULL, NULL, 20, 0, NULL, NULL, 'bigint(21) unsigned', '', '', 'select', ''),
(NULL, 'information_schema', 'FILES', 'AUTOEXTEND_SIZE', 19, NULL, 'YES', 'bigint', NULL, NULL, 20, 0, NULL, NULL, 'bigint(21) unsigned', '', '', 'select', ''),
(NULL, 'information_schema', 'FILES', 'CREATION_TIME', 20, NULL, 'YES', 'datetime', NULL, NULL, NULL, NULL, NULL, NULL, 'datetime', '', '', 'select', ''),
(NULL, 'information_schema', 'FILES', 'LAST_UPDATE_TIME', 21, NULL, 'YES', 'datetime', NULL, NULL, NULL, NULL, NULL, NULL, 'datetime', '', '', 'select', ''),
(NULL, 'information_schema', 'FILES', 'LAST_ACCESS_TIME', 22, NULL, 'YES', 'datetime', NULL, NULL, NULL, NULL, NULL, NULL, 'datetime', '', '', 'select', ''),
(NULL, 'information_schema', 'FILES', 'RECOVER_TIME', 23, NULL, 'YES', 'bigint', NULL, NULL, 19, 0, NULL, NULL, 'bigint(4)', '', '', 'select', ''),
(NULL, 'information_schema', 'FILES', 'TRANSACTION_COUNTER', 24, NULL, 'YES', 'bigint', NULL, NULL, 19, 0, NULL, NULL, 'bigint(4)', '', '', 'select', ''),
(NULL, 'information_schema', 'FILES', 'VERSION', 25, NULL, 'YES', 'bigint', NULL, NULL, 20, 0, NULL, NULL, 'bigint(21) unsigned', '', '', 'select', ''),
(NULL, 'information_schema', 'FILES', 'ROW_FORMAT', 26, NULL, 'YES', 'varchar', 10, 30, NULL, NULL, 'utf8', 'utf8_general_ci', 'varchar(10)', '', '', 'select', ''),
(NULL, 'information_schema', 'FILES', 'TABLE_ROWS', 27, NULL, 'YES', 'bigint', NULL, NULL, 20, 0, NULL, NULL, 'bigint(21) unsigned', '', '', 'select', ''),
(NULL, 'information_schema', 'FILES', 'AVG_ROW_LENGTH', 28, NULL, 'YES', 'bigint', NULL, NULL, 20, 0, NULL, NULL, 'bigint(21) unsigned', '', '', 'select', ''),
(NULL, 'information_schema', 'FILES', 'DATA_LENGTH', 29, NULL, 'YES', 'bigint', NULL, NULL, 20, 0, NULL, NULL, 'bigint(21) unsigned', '', '', 'select', ''),
(NULL, 'information_schema', 'FILES', 'MAX_DATA_LENGTH', 30, NULL, 'YES', 'bigint', NULL, NULL, 20, 0, NULL, NULL, 'bigint(21) unsigned', '', '', 'select', ''),
(NULL, 'information_schema', 'FILES', 'INDEX_LENGTH', 31, NULL, 'YES', 'bigint', NULL, NULL, 20, 0, NULL, NULL, 'bigint(21) unsigned', '', '', 'select', ''),
(NULL, 'information_schema', 'FILES', 'DATA_FREE', 32, NULL, 'YES', 'bigint', NULL, NULL, 20, 0, NULL, NULL, 'bigint(21) unsigned', '', '', 'select', ''),
(NULL, 'information_schema', 'FILES', 'CREATE_TIME', 33, NULL, 'YES', 'datetime', NULL, NULL, NULL, NULL, NULL, NULL, 'datetime', '', '', 'select', ''),
(NULL, 'information_schema', 'FILES', 'UPDATE_TIME', 34, NULL, 'YES', 'datetime', NULL, NULL, NULL, NULL, NULL, NULL, 'datetime', '', '', 'select', ''),
(NULL, 'information_schema', 'FILES', 'CHECK_TIME', 35, NULL, 'YES', 'datetime', NULL, NULL, NULL, NULL, NULL, NULL, 'datetime', '', '', 'select', ''),
(NULL, 'information_schema', 'FILES', 'CHECKSUM', 36, NULL, 'YES', 'bigint', NULL, NULL, 20, 0, NULL, NULL, 'bigint(21) unsigned', '', '', 'select', ''),
(NULL, 'information_schema', 'FILES', 'STATUS', 37, '', 'NO', 'varchar', 20, 60, NULL, NULL, 'utf8', 'utf8_general_ci', 'varchar(20)', '', '', 'select', ''),
(NULL, 'information_schema', 'FILES', 'EXTRA', 38, NULL, 'YES', 'varchar', 255, 765, NULL, NULL, 'utf8', 'utf8_general_ci', 'varchar(255)', '', '', 'select', ''),
(NULL, 'information_schema', 'GLOBAL_STATUS', 'VARIABLE_NAME', 1, '', 'NO', 'varchar', 64, 192, NULL, NULL, 'utf8', 'utf8_general_ci', 'varchar(64)', '', '', 'select', ''),
(NULL, 'information_schema', 'GLOBAL_STATUS', 'VARIABLE_VALUE', 2, NULL, 'YES', 'varchar', 1024, 3072, NULL, NULL, 'utf8', 'utf8_general_ci', 'varchar(1024)', '', '', 'select', ''),
(NULL, 'information_schema', 'GLOBAL_VARIABLES', 'VARIABLE_NAME', 1, '', 'NO', 'varchar', 64, 192, NULL, NULL, 'utf8', 'utf8_general_ci', 'varchar(64)', '', '', 'select', ''),
(NULL, 'information_schema', 'GLOBAL_VARIABLES', 'VARIABLE_VALUE', 2, NULL, 'YES', 'varchar', 1024, 3072, NULL, NULL, 'utf8', 'utf8_general_ci', 'varchar(1024)', '', '', 'select', ''),
(NULL, 'information_schema', 'KEY_COLUMN_USAGE', 'CONSTRAINT_CATALOG', 1, NULL, 'YES', 'varchar', 512, 1536, NULL, NULL, 'utf8', 'utf8_general_ci', 'varchar(512)', '', '', 'select', ''),
(NULL, 'information_schema', 'KEY_COLUMN_USAGE', 'CONSTRAINT_SCHEMA', 2, '', 'NO', 'varchar', 64, 192, NULL, NULL, 'utf8', 'utf8_general_ci', 'varchar(64)', '', '', 'select', ''),
(NULL, 'information_schema', 'KEY_COLUMN_USAGE', 'CONSTRAINT_NAME', 3, '', 'NO', 'varchar', 64, 192, NULL, NULL, 'utf8', 'utf8_general_ci', 'varchar(64)', '', '', 'select', ''),
(NULL, 'information_schema', 'KEY_COLUMN_USAGE', 'TABLE_CATALOG', 4, NULL, 'YES', 'varchar', 512, 1536, NULL, NULL, 'utf8', 'utf8_general_ci', 'varchar(512)', '', '', 'select', ''),
(NULL, 'information_schema', 'KEY_COLUMN_USAGE', 'TABLE_SCHEMA', 5, '', 'NO', 'varchar', 64, 192, NULL, NULL, 'utf8', 'utf8_general_ci', 'varchar(64)', '', '', 'select', ''),
(NULL, 'information_schema', 'KEY_COLUMN_USAGE', 'TABLE_NAME', 6, '', 'NO', 'varchar', 64, 192, NULL, NULL, 'utf8', 'utf8_general_ci', 'varchar(64)', '', '', 'select', ''),
(NULL, 'information_schema', 'KEY_COLUMN_USAGE', 'COLUMN_NAME', 7, '', 'NO', 'varchar', 64, 192, NULL, NULL, 'utf8', 'utf8_general_ci', 'varchar(64)', '', '', 'select', ''),
(NULL, 'information_schema', 'KEY_COLUMN_USAGE', 'ORDINAL_POSITION', 8, '0', 'NO', 'bigint', NULL, NULL, 19, 0, NULL, NULL, 'bigint(10)', '', '', 'select', ''),
(NULL, 'information_schema', 'KEY_COLUMN_USAGE', 'POSITION_IN_UNIQUE_CONSTRAINT', 9, NULL, 'YES', 'bigint', NULL, NULL, 19, 0, NULL, NULL, 'bigint(10)', '', '', 'select', ''),
(NULL, 'information_schema', 'KEY_COLUMN_USAGE', 'REFERENCED_TABLE_SCHEMA', 10, NULL, 'YES', 'varchar', 64, 192, NULL, NULL, 'utf8', 'utf8_general_ci', 'varchar(64)', '', '', 'select', ''),
(NULL, 'information_schema', 'KEY_COLUMN_USAGE', 'REFERENCED_TABLE_NAME', 11, NULL, 'YES', 'varchar', 64, 192, NULL, NULL, 'utf8', 'utf8_general_ci', 'varchar(64)', '', '', 'select', ''),
(NULL, 'information_schema', 'KEY_COLUMN_USAGE', 'REFERENCED_COLUMN_NAME', 12, NULL, 'YES', 'varchar', 64, 192, NULL, NULL, 'utf8', 'utf8_general_ci', 'varchar(64)', '', '', 'select', ''),
(NULL, 'information_schema', 'PARTITIONS', 'TABLE_CATALOG', 1, NULL, 'YES', 'varchar', 512, 1536, NULL, NULL, 'utf8', 'utf8_general_ci', 'varchar(512)', '', '', 'select', ''),
(NULL, 'information_schema', 'PARTITIONS', 'TABLE_SCHEMA', 2, '', 'NO', 'varchar', 64, 192, NULL, NULL, 'utf8', 'utf8_general_ci', 'varchar(64)', '', '', 'select', ''),
(NULL, 'information_schema', 'PARTITIONS', 'TABLE_NAME', 3, '', 'NO', 'varchar', 64, 192, NULL, NULL, 'utf8', 'utf8_general_ci', 'varchar(64)', '', '', 'select', ''),
(NULL, 'information_schema', 'PARTITIONS', 'PARTITION_NAME', 4, NULL, 'YES', 'varchar', 64, 192, NULL, NULL, 'utf8', 'utf8_general_ci', 'varchar(64)', '', '', 'select', ''),
(NULL, 'information_schema', 'PARTITIONS', 'SUBPARTITION_NAME', 5, NULL, 'YES', 'varchar', 64, 192, NULL, NULL, 'utf8', 'utf8_general_ci', 'varchar(64)', '', '', 'select', ''),
(NULL, 'information_schema', 'PARTITIONS', 'PARTITION_ORDINAL_POSITION', 6, NULL, 'YES', 'bigint', NULL, NULL, 20, 0, NULL, NULL, 'bigint(21) unsigned', '', '', 'select', ''),
(NULL, 'information_schema', 'PARTITIONS', 'SUBPARTITION_ORDINAL_POSITION', 7, NULL, 'YES', 'bigint', NULL, NULL, 20, 0, NULL, NULL, 'bigint(21) unsigned', '', '', 'select', ''),
(NULL, 'information_schema', 'PARTITIONS', 'PARTITION_METHOD', 8, NULL, 'YES', 'varchar', 12, 36, NULL, NULL, 'utf8', 'utf8_general_ci', 'varchar(12)', '', '', 'select', ''),
(NULL, 'information_schema', 'PARTITIONS', 'SUBPARTITION_METHOD', 9, NULL, 'YES', 'varchar', 12, 36, NULL, NULL, 'utf8', 'utf8_general_ci', 'varchar(12)', '', '', 'select', ''),
(NULL, 'information_schema', 'PARTITIONS', 'PARTITION_EXPRESSION', 10, NULL, 'YES', 'longtext', 4294967295, 4294967295, NULL, NULL, 'utf8', 'utf8_general_ci', 'longtext', '', '', 'select', ''),
(NULL, 'information_schema', 'PARTITIONS', 'SUBPARTITION_EXPRESSION', 11, NULL, 'YES', 'longtext', 4294967295, 4294967295, NULL, NULL, 'utf8', 'utf8_general_ci', 'longtext', '', '', 'select', ''),
(NULL, 'information_schema', 'PARTITIONS', 'PARTITION_DESCRIPTION', 12, NULL, 'YES', 'longtext', 4294967295, 4294967295, NULL, NULL, 'utf8', 'utf8_general_ci', 'longtext', '', '', 'select', ''),
(NULL, 'information_schema', 'PARTITIONS', 'TABLE_ROWS', 13, '0', 'NO', 'bigint', NULL, NULL, 20, 0, NULL, NULL, 'bigint(21) unsigned', '', '', 'select', ''),
(NULL, 'information_schema', 'PARTITIONS', 'AVG_ROW_LENGTH', 14, '0', 'NO', 'bigint', NULL, NULL, 20, 0, NULL, NULL, 'bigint(21) unsigned', '', '', 'select', ''),
(NULL, 'information_schema', 'PARTITIONS', 'DATA_LENGTH', 15, '0', 'NO', 'bigint', NULL, NULL, 20, 0, NULL, NULL, 'bigint(21) unsigned', '', '', 'select', ''),
(NULL, 'information_schema', 'PARTITIONS', 'MAX_DATA_LENGTH', 16, NULL, 'YES', 'bigint', NULL, NULL, 20, 0, NULL, NULL, 'bigint(21) unsigned', '', '', 'select', ''),
(NULL, 'information_schema', 'PARTITIONS', 'INDEX_LENGTH', 17, '0', 'NO', 'bigint', NULL, NULL, 20, 0, NULL, NULL, 'bigint(21) unsigned', '', '', 'select', ''),
(NULL, 'information_schema', 'PARTITIONS', 'DATA_FREE', 18, '0', 'NO', 'bigint', NULL, NULL, 20, 0, NULL, NULL, 'bigint(21) unsigned', '', '', 'select', ''),
(NULL, 'information_schema', 'PARTITIONS', 'CREATE_TIME', 19, NULL, 'YES', 'datetime', NULL, NULL, NULL, NULL, NULL, NULL, 'datetime', '', '', 'select', ''),
(NULL, 'information_schema', 'PARTITIONS', 'UPDATE_TIME', 20, NULL, 'YES', 'datetime', NULL, NULL, NULL, NULL, NULL, NULL, 'datetime', '', '', 'select', ''),
(NULL, 'information_schema', 'PARTITIONS', 'CHECK_TIME', 21, NULL, 'YES', 'datetime', NULL, NULL, NULL, NULL, NULL, NULL, 'datetime', '', '', 'select', ''),
(NULL, 'information_schema', 'PARTITIONS', 'CHECKSUM', 22, NULL, 'YES', 'bigint', NULL, NULL, 20, 0, NULL, NULL, 'bigint(21) unsigned', '', '', 'select', ''),
(NULL, 'information_schema', 'PARTITIONS', 'PARTITION_COMMENT', 23, '', 'NO', 'varchar', 80, 240, NULL, NULL, 'utf8', 'utf8_general_ci', 'varchar(80)', '', '', 'select', ''),
(NULL, 'information_schema', 'PARTITIONS', 'NODEGROUP', 24, '', 'NO', 'varchar', 12, 36, NULL, NULL, 'utf8', 'utf8_general_ci', 'varchar(12)', '', '', 'select', ''),
(NULL, 'information_schema', 'PARTITIONS', 'TABLESPACE_NAME', 25, NULL, 'YES', 'varchar', 64, 192, NULL, NULL, 'utf8', 'utf8_general_ci', 'varchar(64)', '', '', 'select', ''),
(NULL, 'information_schema', 'PLUGINS', 'PLUGIN_NAME', 1, '', 'NO', 'varchar', 64, 192, NULL, NULL, 'utf8', 'utf8_general_ci', 'varchar(64)', '', '', 'select', ''),
(NULL, 'information_schema', 'PLUGINS', 'PLUGIN_VERSION', 2, '', 'NO', 'varchar', 20, 60, NULL, NULL, 'utf8', 'utf8_general_ci', 'varchar(20)', '', '', 'select', ''),
(NULL, 'information_schema', 'PLUGINS', 'PLUGIN_STATUS', 3, '', 'NO', 'varchar', 10, 30, NULL, NULL, 'utf8', 'utf8_general_ci', 'varchar(10)', '', '', 'select', ''),
(NULL, 'information_schema', 'PLUGINS', 'PLUGIN_TYPE', 4, '', 'NO', 'varchar', 80, 240, NULL, NULL, 'utf8', 'utf8_general_ci', 'varchar(80)', '', '', 'select', ''),
(NULL, 'information_schema', 'PLUGINS', 'PLUGIN_TYPE_VERSION', 5, '', 'NO', 'varchar', 20, 60, NULL, NULL, 'utf8', 'utf8_general_ci', 'varchar(20)', '', '', 'select', ''),
(NULL, 'information_schema', 'PLUGINS', 'PLUGIN_LIBRARY', 6, NULL, 'YES', 'varchar', 64, 192, NULL, NULL, 'utf8', 'utf8_general_ci', 'varchar(64)', '', '', 'select', ''),
(NULL, 'information_schema', 'PLUGINS', 'PLUGIN_LIBRARY_VERSION', 7, NULL, 'YES', 'varchar', 20, 60, NULL, NULL, 'utf8', 'utf8_general_ci', 'varchar(20)', '', '', 'select', ''),
(NULL, 'information_schema', 'PLUGINS', 'PLUGIN_AUTHOR', 8, NULL, 'YES', 'varchar', 64, 192, NULL, NULL, 'utf8', 'utf8_general_ci', 'varchar(64)', '', '', 'select', ''),
(NULL, 'information_schema', 'PLUGINS', 'PLUGIN_DESCRIPTION', 9, NULL, 'YES', 'longtext', 4294967295, 4294967295, NULL, NULL, 'utf8', 'utf8_general_ci', 'longtext', '', '', 'select', ''),
(NULL, 'information_schema', 'PLUGINS', 'PLUGIN_LICENSE', 10, NULL, 'YES', 'varchar', 80, 240, NULL, NULL, 'utf8', 'utf8_general_ci', 'varchar(80)', '', '', 'select', ''),
(NULL, 'information_schema', 'PROCESSLIST', 'ID', 1, '0', 'NO', 'bigint', NULL, NULL, 19, 0, NULL, NULL, 'bigint(4)', '', '', 'select', ''),
(NULL, 'information_schema', 'PROCESSLIST', 'USER', 2, '', 'NO', 'varchar', 16, 48, NULL, NULL, 'utf8', 'utf8_general_ci', 'varchar(16)', '', '', 'select', ''),
(NULL, 'information_schema', 'PROCESSLIST', 'HOST', 3, '', 'NO', 'varchar', 64, 192, NULL, NULL, 'utf8', 'utf8_general_ci', 'varchar(64)', '', '', 'select', ''),
(NULL, 'information_schema', 'PROCESSLIST', 'DB', 4, NULL, 'YES', 'varchar', 64, 192, NULL, NULL, 'utf8', 'utf8_general_ci', 'varchar(64)', '', '', 'select', ''),
(NULL, 'information_schema', 'PROCESSLIST', 'COMMAND', 5, '', 'NO', 'varchar', 16, 48, NULL, NULL, 'utf8', 'utf8_general_ci', 'varchar(16)', '', '', 'select', ''),
(NULL, 'information_schema', 'PROCESSLIST', 'TIME', 6, '0', 'NO', 'int', NULL, NULL, 10, 0, NULL, NULL, 'int(7)', '', '', 'select', ''),
(NULL, 'information_schema', 'PROCESSLIST', 'STATE', 7, NULL, 'YES', 'varchar', 64, 192, NULL, NULL, 'utf8', 'utf8_general_ci', 'varchar(64)', '', '', 'select', ''),
(NULL, 'information_schema', 'PROCESSLIST', 'INFO', 8, NULL, 'YES', 'longtext', 4294967295, 4294967295, NULL, NULL, 'utf8', 'utf8_general_ci', 'longtext', '', '', 'select', ''),
(NULL, 'information_schema', 'PROFILING', 'QUERY_ID', 1, '0', 'NO', 'int', NULL, NULL, 10, 0, NULL, NULL, 'int(20)', '', '', 'select', ''),
(NULL, 'information_schema', 'PROFILING', 'SEQ', 2, '0', 'NO', 'int', NULL, NULL, 10, 0, NULL, NULL, 'int(20)', '', '', 'select', ''),
(NULL, 'information_schema', 'PROFILING', 'STATE', 3, '', 'NO', 'varchar', 30, 90, NULL, NULL, 'utf8', 'utf8_general_ci', 'varchar(30)', '', '', 'select', ''),
(NULL, 'information_schema', 'PROFILING', 'DURATION', 4, '0.000000', 'NO', 'decimal', NULL, NULL, 9, 6, NULL, NULL, 'decimal(9,6)', '', '', 'select', ''),
(NULL, 'information_schema', 'PROFILING', 'CPU_USER', 5, NULL, 'YES', 'decimal', NULL, NULL, 9, 6, NULL, NULL, 'decimal(9,6)', '', '', 'select', ''),
(NULL, 'information_schema', 'PROFILING', 'CPU_SYSTEM', 6, NULL, 'YES', 'decimal', NULL, NULL, 9, 6, NULL, NULL, 'decimal(9,6)', '', '', 'select', ''),
(NULL, 'information_schema', 'PROFILING', 'CONTEXT_VOLUNTARY', 7, NULL, 'YES', 'int', NULL, NULL, 10, 0, NULL, NULL, 'int(20)', '', '', 'select', ''),
(NULL, 'information_schema', 'PROFILING', 'CONTEXT_INVOLUNTARY', 8, NULL, 'YES', 'int', NULL, NULL, 10, 0, NULL, NULL, 'int(20)', '', '', 'select', ''),
(NULL, 'information_schema', 'PROFILING', 'BLOCK_OPS_IN', 9, NULL, 'YES', 'int', NULL, NULL, 10, 0, NULL, NULL, 'int(20)', '', '', 'select', ''),
(NULL, 'information_schema', 'PROFILING', 'BLOCK_OPS_OUT', 10, NULL, 'YES', 'int', NULL, NULL, 10, 0, NULL, NULL, 'int(20)', '', '', 'select', ''),
(NULL, 'information_schema', 'PROFILING', 'MESSAGES_SENT', 11, NULL, 'YES', 'int', NULL, NULL, 10, 0, NULL, NULL, 'int(20)', '', '', 'select', ''),
(NULL, 'information_schema', 'PROFILING', 'MESSAGES_RECEIVED', 12, NULL, 'YES', 'int', NULL, NULL, 10, 0, NULL, NULL, 'int(20)', '', '', 'select', ''),
(NULL, 'information_schema', 'PROFILING', 'PAGE_FAULTS_MAJOR', 13, NULL, 'YES', 'int', NULL, NULL, 10, 0, NULL, NULL, 'int(20)', '', '', 'select', ''),
(NULL, 'information_schema', 'PROFILING', 'PAGE_FAULTS_MINOR', 14, NULL, 'YES', 'int', NULL, NULL, 10, 0, NULL, NULL, 'int(20)', '', '', 'select', ''),
(NULL, 'information_schema', 'PROFILING', 'SWAPS', 15, NULL, 'YES', 'int', NULL, NULL, 10, 0, NULL, NULL, 'int(20)', '', '', 'select', ''),
(NULL, 'information_schema', 'PROFILING', 'SOURCE_FUNCTION', 16, NULL, 'YES', 'varchar', 30, 90, NULL, NULL, 'utf8', 'utf8_general_ci', 'varchar(30)', '', '', 'select', ''),
(NULL, 'information_schema', 'PROFILING', 'SOURCE_FILE', 17, NULL, 'YES', 'varchar', 20, 60, NULL, NULL, 'utf8', 'utf8_general_ci', 'varchar(20)', '', '', 'select', ''),
(NULL, 'information_schema', 'PROFILING', 'SOURCE_LINE', 18, NULL, 'YES', 'int', NULL, NULL, 10, 0, NULL, NULL, 'int(20)', '', '', 'select', ''),
(NULL, 'information_schema', 'REFERENTIAL_CONSTRAINTS', 'CONSTRAINT_CATALOG', 1, NULL, 'YES', 'varchar', 512, 1536, NULL, NULL, 'utf8', 'utf8_general_ci', 'varchar(512)', '', '', 'select', ''),
(NULL, 'information_schema', 'REFERENTIAL_CONSTRAINTS', 'CONSTRAINT_SCHEMA', 2, '', 'NO', 'varchar', 64, 192, NULL, NULL, 'utf8', 'utf8_general_ci', 'varchar(64)', '', '', 'select', ''),
(NULL, 'information_schema', 'REFERENTIAL_CONSTRAINTS', 'CONSTRAINT_NAME', 3, '', 'NO', 'varchar', 64, 192, NULL, NULL, 'utf8', 'utf8_general_ci', 'varchar(64)', '', '', 'select', ''),
(NULL, 'information_schema', 'REFERENTIAL_CONSTRAINTS', 'UNIQUE_CONSTRAINT_CATALOG', 4, NULL, 'YES', 'varchar', 512, 1536, NULL, NULL, 'utf8', 'utf8_general_ci', 'varchar(512)', '', '', 'select', ''),
(NULL, 'information_schema', 'REFERENTIAL_CONSTRAINTS', 'UNIQUE_CONSTRAINT_SCHEMA', 5, '', 'NO', 'varchar', 64, 192, NULL, NULL, 'utf8', 'utf8_general_ci', 'varchar(64)', '', '', 'select', ''),
(NULL, 'information_schema', 'REFERENTIAL_CONSTRAINTS', 'UNIQUE_CONSTRAINT_NAME', 6, NULL, 'YES', 'varchar', 64, 192, NULL, NULL, 'utf8', 'utf8_general_ci', 'varchar(64)', '', '', 'select', ''),
(NULL, 'information_schema', 'REFERENTIAL_CONSTRAINTS', 'MATCH_OPTION', 7, '', 'NO', 'varchar', 64, 192, NULL, NULL, 'utf8', 'utf8_general_ci', 'varchar(64)', '', '', 'select', ''),
(NULL, 'information_schema', 'REFERENTIAL_CONSTRAINTS', 'UPDATE_RULE', 8, '', 'NO', 'varchar', 64, 192, NULL, NULL, 'utf8', 'utf8_general_ci', 'varchar(64)', '', '', 'select', ''),
(NULL, 'information_schema', 'REFERENTIAL_CONSTRAINTS', 'DELETE_RULE', 9, '', 'NO', 'varchar', 64, 192, NULL, NULL, 'utf8', 'utf8_general_ci', 'varchar(64)', '', '', 'select', ''),
(NULL, 'information_schema', 'REFERENTIAL_CONSTRAINTS', 'TABLE_NAME', 10, '', 'NO', 'varchar', 64, 192, NULL, NULL, 'utf8', 'utf8_general_ci', 'varchar(64)', '', '', 'select', ''),
(NULL, 'information_schema', 'REFERENTIAL_CONSTRAINTS', 'REFERENCED_TABLE_NAME', 11, '', 'NO', 'varchar', 64, 192, NULL, NULL, 'utf8', 'utf8_general_ci', 'varchar(64)', '', '', 'select', ''),
(NULL, 'information_schema', 'ROUTINES', 'SPECIFIC_NAME', 1, '', 'NO', 'varchar', 64, 192, NULL, NULL, 'utf8', 'utf8_general_ci', 'varchar(64)', '', '', 'select', ''),
(NULL, 'information_schema', 'ROUTINES', 'ROUTINE_CATALOG', 2, NULL, 'YES', 'varchar', 512, 1536, NULL, NULL, 'utf8', 'utf8_general_ci', 'varchar(512)', '', '', 'select', ''),
(NULL, 'information_schema', 'ROUTINES', 'ROUTINE_SCHEMA', 3, '', 'NO', 'varchar', 64, 192, NULL, NULL, 'utf8', 'utf8_general_ci', 'varchar(64)', '', '', 'select', ''),
(NULL, 'information_schema', 'ROUTINES', 'ROUTINE_NAME', 4, '', 'NO', 'varchar', 64, 192, NULL, NULL, 'utf8', 'utf8_general_ci', 'varchar(64)', '', '', 'select', ''),
(NULL, 'information_schema', 'ROUTINES', 'ROUTINE_TYPE', 5, '', 'NO', 'varchar', 9, 27, NULL, NULL, 'utf8', 'utf8_general_ci', 'varchar(9)', '', '', 'select', ''),
(NULL, 'information_schema', 'ROUTINES', 'DTD_IDENTIFIER', 6, NULL, 'YES', 'varchar', 64, 192, NULL, NULL, 'utf8', 'utf8_general_ci', 'varchar(64)', '', '', 'select', ''),
(NULL, 'information_schema', 'ROUTINES', 'ROUTINE_BODY', 7, '', 'NO', 'varchar', 8, 24, NULL, NULL, 'utf8', 'utf8_general_ci', 'varchar(8)', '', '', 'select', ''),
(NULL, 'information_schema', 'ROUTINES', 'ROUTINE_DEFINITION', 8, NULL, 'YES', 'longtext', 4294967295, 4294967295, NULL, NULL, 'utf8', 'utf8_general_ci', 'longtext', '', '', 'select', ''),
(NULL, 'information_schema', 'ROUTINES', 'EXTERNAL_NAME', 9, NULL, 'YES', 'varchar', 64, 192, NULL, NULL, 'utf8', 'utf8_general_ci', 'varchar(64)', '', '', 'select', ''),
(NULL, 'information_schema', 'ROUTINES', 'EXTERNAL_LANGUAGE', 10, NULL, 'YES', 'varchar', 64, 192, NULL, NULL, 'utf8', 'utf8_general_ci', 'varchar(64)', '', '', 'select', ''),
(NULL, 'information_schema', 'ROUTINES', 'PARAMETER_STYLE', 11, '', 'NO', 'varchar', 8, 24, NULL, NULL, 'utf8', 'utf8_general_ci', 'varchar(8)', '', '', 'select', ''),
(NULL, 'information_schema', 'ROUTINES', 'IS_DETERMINISTIC', 12, '', 'NO', 'varchar', 3, 9, NULL, NULL, 'utf8', 'utf8_general_ci', 'varchar(3)', '', '', 'select', ''),
(NULL, 'information_schema', 'ROUTINES', 'SQL_DATA_ACCESS', 13, '', 'NO', 'varchar', 64, 192, NULL, NULL, 'utf8', 'utf8_general_ci', 'varchar(64)', '', '', 'select', ''),
(NULL, 'information_schema', 'ROUTINES', 'SQL_PATH', 14, NULL, 'YES', 'varchar', 64, 192, NULL, NULL, 'utf8', 'utf8_general_ci', 'varchar(64)', '', '', 'select', ''),
(NULL, 'information_schema', 'ROUTINES', 'SECURITY_TYPE', 15, '', 'NO', 'varchar', 7, 21, NULL, NULL, 'utf8', 'utf8_general_ci', 'varchar(7)', '', '', 'select', ''),
(NULL, 'information_schema', 'ROUTINES', 'CREATED', 16, '0000-00-00 00:00:00', 'NO', 'datetime', NULL, NULL, NULL, NULL, NULL, NULL, 'datetime', '', '', 'select', ''),
(NULL, 'information_schema', 'ROUTINES', 'LAST_ALTERED', 17, '0000-00-00 00:00:00', 'NO', 'datetime', NULL, NULL, NULL, NULL, NULL, NULL, 'datetime', '', '', 'select', ''),
(NULL, 'information_schema', 'ROUTINES', 'SQL_MODE', 18, '', 'NO', 'varchar', 8192, 24576, NULL, NULL, 'utf8', 'utf8_general_ci', 'varchar(8192)', '', '', 'select', ''),
(NULL, 'information_schema', 'ROUTINES', 'ROUTINE_COMMENT', 19, '', 'NO', 'varchar', 64, 192, NULL, NULL, 'utf8', 'utf8_general_ci', 'varchar(64)', '', '', 'select', ''),
(NULL, 'information_schema', 'ROUTINES', 'DEFINER', 20, '', 'NO', 'varchar', 77, 231, NULL, NULL, 'utf8', 'utf8_general_ci', 'varchar(77)', '', '', 'select', ''),
(NULL, 'information_schema', 'ROUTINES', 'CHARACTER_SET_CLIENT', 21, '', 'NO', 'varchar', 32, 96, NULL, NULL, 'utf8', 'utf8_general_ci', 'varchar(32)', '', '', 'select', ''),
(NULL, 'information_schema', 'ROUTINES', 'COLLATION_CONNECTION', 22, '', 'NO', 'varchar', 32, 96, NULL, NULL, 'utf8', 'utf8_general_ci', 'varchar(32)', '', '', 'select', ''),
(NULL, 'information_schema', 'ROUTINES', 'DATABASE_COLLATION', 23, '', 'NO', 'varchar', 32, 96, NULL, NULL, 'utf8', 'utf8_general_ci', 'varchar(32)', '', '', 'select', ''),
(NULL, 'information_schema', 'SCHEMATA', 'CATALOG_NAME', 1, NULL, 'YES', 'varchar', 512, 1536, NULL, NULL, 'utf8', 'utf8_general_ci', 'varchar(512)', '', '', 'select', ''),
(NULL, 'information_schema', 'SCHEMATA', 'SCHEMA_NAME', 2, '', 'NO', 'varchar', 64, 192, NULL, NULL, 'utf8', 'utf8_general_ci', 'varchar(64)', '', '', 'select', ''),
(NULL, 'information_schema', 'SCHEMATA', 'DEFAULT_CHARACTER_SET_NAME', 3, '', 'NO', 'varchar', 32, 96, NULL, NULL, 'utf8', 'utf8_general_ci', 'varchar(32)', '', '', 'select', ''),
(NULL, 'information_schema', 'SCHEMATA', 'DEFAULT_COLLATION_NAME', 4, '', 'NO', 'varchar', 32, 96, NULL, NULL, 'utf8', 'utf8_general_ci', 'varchar(32)', '', '', 'select', ''),
(NULL, 'information_schema', 'SCHEMATA', 'SQL_PATH', 5, NULL, 'YES', 'varchar', 512, 1536, NULL, NULL, 'utf8', 'utf8_general_ci', 'varchar(512)', '', '', 'select', ''),
(NULL, 'information_schema', 'SCHEMA_PRIVILEGES', 'GRANTEE', 1, '', 'NO', 'varchar', 81, 243, NULL, NULL, 'utf8', 'utf8_general_ci', 'varchar(81)', '', '', 'select', ''),
(NULL, 'information_schema', 'SCHEMA_PRIVILEGES', 'TABLE_CATALOG', 2, NULL, 'YES', 'varchar', 512, 1536, NULL, NULL, 'utf8', 'utf8_general_ci', 'varchar(512)', '', '', 'select', ''),
(NULL, 'information_schema', 'SCHEMA_PRIVILEGES', 'TABLE_SCHEMA', 3, '', 'NO', 'varchar', 64, 192, NULL, NULL, 'utf8', 'utf8_general_ci', 'varchar(64)', '', '', 'select', ''),
(NULL, 'information_schema', 'SCHEMA_PRIVILEGES', 'PRIVILEGE_TYPE', 4, '', 'NO', 'varchar', 64, 192, NULL, NULL, 'utf8', 'utf8_general_ci', 'varchar(64)', '', '', 'select', ''),
(NULL, 'information_schema', 'SCHEMA_PRIVILEGES', 'IS_GRANTABLE', 5, '', 'NO', 'varchar', 3, 9, NULL, NULL, 'utf8', 'utf8_general_ci', 'varchar(3)', '', '', 'select', ''),
(NULL, 'information_schema', 'SESSION_STATUS', 'VARIABLE_NAME', 1, '', 'NO', 'varchar', 64, 192, NULL, NULL, 'utf8', 'utf8_general_ci', 'varchar(64)', '', '', 'select', ''),
(NULL, 'information_schema', 'SESSION_STATUS', 'VARIABLE_VALUE', 2, NULL, 'YES', 'varchar', 1024, 3072, NULL, NULL, 'utf8', 'utf8_general_ci', 'varchar(1024)', '', '', 'select', ''),
(NULL, 'information_schema', 'SESSION_VARIABLES', 'VARIABLE_NAME', 1, '', 'NO', 'varchar', 64, 192, NULL, NULL, 'utf8', 'utf8_general_ci', 'varchar(64)', '', '', 'select', ''),
(NULL, 'information_schema', 'SESSION_VARIABLES', 'VARIABLE_VALUE', 2, NULL, 'YES', 'varchar', 1024, 3072, NULL, NULL, 'utf8', 'utf8_general_ci', 'varchar(1024)', '', '', 'select', ''),
(NULL, 'information_schema', 'STATISTICS', 'TABLE_CATALOG', 1, NULL, 'YES', 'varchar', 512, 1536, NULL, NULL, 'utf8', 'utf8_general_ci', 'varchar(512)', '', '', 'select', ''),
(NULL, 'information_schema', 'STATISTICS', 'TABLE_SCHEMA', 2, '', 'NO', 'varchar', 64, 192, NULL, NULL, 'utf8', 'utf8_general_ci', 'varchar(64)', '', '', 'select', ''),
(NULL, 'information_schema', 'STATISTICS', 'TABLE_NAME', 3, '', 'NO', 'varchar', 64, 192, NULL, NULL, 'utf8', 'utf8_general_ci', 'varchar(64)', '', '', 'select', ''),
(NULL, 'information_schema', 'STATISTICS', 'NON_UNIQUE', 4, '0', 'NO', 'bigint', NULL, NULL, 19, 0, NULL, NULL, 'bigint(1)', '', '', 'select', ''),
(NULL, 'information_schema', 'STATISTICS', 'INDEX_SCHEMA', 5, '', 'NO', 'varchar', 64, 192, NULL, NULL, 'utf8', 'utf8_general_ci', 'varchar(64)', '', '', 'select', ''),
(NULL, 'information_schema', 'STATISTICS', 'INDEX_NAME', 6, '', 'NO', 'varchar', 64, 192, NULL, NULL, 'utf8', 'utf8_general_ci', 'varchar(64)', '', '', 'select', ''),
(NULL, 'information_schema', 'STATISTICS', 'SEQ_IN_INDEX', 7, '0', 'NO', 'bigint', NULL, NULL, 19, 0, NULL, NULL, 'bigint(2)', '', '', 'select', ''),
(NULL, 'information_schema', 'STATISTICS', 'COLUMN_NAME', 8, '', 'NO', 'varchar', 64, 192, NULL, NULL, 'utf8', 'utf8_general_ci', 'varchar(64)', '', '', 'select', ''),
(NULL, 'information_schema', 'STATISTICS', 'COLLATION', 9, NULL, 'YES', 'varchar', 1, 3, NULL, NULL, 'utf8', 'utf8_general_ci', 'varchar(1)', '', '', 'select', ''),
(NULL, 'information_schema', 'STATISTICS', 'CARDINALITY', 10, NULL, 'YES', 'bigint', NULL, NULL, 19, 0, NULL, NULL, 'bigint(21)', '', '', 'select', ''),
(NULL, 'information_schema', 'STATISTICS', 'SUB_PART', 11, NULL, 'YES', 'bigint', NULL, NULL, 19, 0, NULL, NULL, 'bigint(3)', '', '', 'select', ''),
(NULL, 'information_schema', 'STATISTICS', 'PACKED', 12, NULL, 'YES', 'varchar', 10, 30, NULL, NULL, 'utf8', 'utf8_general_ci', 'varchar(10)', '', '', 'select', ''),
(NULL, 'information_schema', 'STATISTICS', 'NULLABLE', 13, '', 'NO', 'varchar', 3, 9, NULL, NULL, 'utf8', 'utf8_general_ci', 'varchar(3)', '', '', 'select', ''),
(NULL, 'information_schema', 'STATISTICS', 'INDEX_TYPE', 14, '', 'NO', 'varchar', 16, 48, NULL, NULL, 'utf8', 'utf8_general_ci', 'varchar(16)', '', '', 'select', ''),
(NULL, 'information_schema', 'STATISTICS', 'COMMENT', 15, NULL, 'YES', 'varchar', 16, 48, NULL, NULL, 'utf8', 'utf8_general_ci', 'varchar(16)', '', '', 'select', ''),
(NULL, 'information_schema', 'TABLES', 'TABLE_CATALOG', 1, NULL, 'YES', 'varchar', 512, 1536, NULL, NULL, 'utf8', 'utf8_general_ci', 'varchar(512)', '', '', 'select', ''),
(NULL, 'information_schema', 'TABLES', 'TABLE_SCHEMA', 2, '', 'NO', 'varchar', 64, 192, NULL, NULL, 'utf8', 'utf8_general_ci', 'varchar(64)', '', '', 'select', ''),
(NULL, 'information_schema', 'TABLES', 'TABLE_NAME', 3, '', 'NO', 'varchar', 64, 192, NULL, NULL, 'utf8', 'utf8_general_ci', 'varchar(64)', '', '', 'select', ''),
(NULL, 'information_schema', 'TABLES', 'TABLE_TYPE', 4, '', 'NO', 'varchar', 64, 192, NULL, NULL, 'utf8', 'utf8_general_ci', 'varchar(64)', '', '', 'select', ''),
(NULL, 'information_schema', 'TABLES', 'ENGINE', 5, NULL, 'YES', 'varchar', 64, 192, NULL, NULL, 'utf8', 'utf8_general_ci', 'varchar(64)', '', '', 'select', ''),
(NULL, 'information_schema', 'TABLES', 'VERSION', 6, NULL, 'YES', 'bigint', NULL, NULL, 20, 0, NULL, NULL, 'bigint(21) unsigned', '', '', 'select', ''),
(NULL, 'information_schema', 'TABLES', 'ROW_FORMAT', 7, NULL, 'YES', 'varchar', 10, 30, NULL, NULL, 'utf8', 'utf8_general_ci', 'varchar(10)', '', '', 'select', ''),
(NULL, 'information_schema', 'TABLES', 'TABLE_ROWS', 8, NULL, 'YES', 'bigint', NULL, NULL, 20, 0, NULL, NULL, 'bigint(21) unsigned', '', '', 'select', ''),
(NULL, 'information_schema', 'TABLES', 'AVG_ROW_LENGTH', 9, NULL, 'YES', 'bigint', NULL, NULL, 20, 0, NULL, NULL, 'bigint(21) unsigned', '', '', 'select', ''),
(NULL, 'information_schema', 'TABLES', 'DATA_LENGTH', 10, NULL, 'YES', 'bigint', NULL, NULL, 20, 0, NULL, NULL, 'bigint(21) unsigned', '', '', 'select', ''),
(NULL, 'information_schema', 'TABLES', 'MAX_DATA_LENGTH', 11, NULL, 'YES', 'bigint', NULL, NULL, 20, 0, NULL, NULL, 'bigint(21) unsigned', '', '', 'select', ''),
(NULL, 'information_schema', 'TABLES', 'INDEX_LENGTH', 12, NULL, 'YES', 'bigint', NULL, NULL, 20, 0, NULL, NULL, 'bigint(21) unsigned', '', '', 'select', ''),
(NULL, 'information_schema', 'TABLES', 'DATA_FREE', 13, NULL, 'YES', 'bigint', NULL, NULL, 20, 0, NULL, NULL, 'bigint(21) unsigned', '', '', 'select', ''),
(NULL, 'information_schema', 'TABLES', 'AUTO_INCREMENT', 14, NULL, 'YES', 'bigint', NULL, NULL, 20, 0, NULL, NULL, 'bigint(21) unsigned', '', '', 'select', ''),
(NULL, 'information_schema', 'TABLES', 'CREATE_TIME', 15, NULL, 'YES', 'datetime', NULL, NULL, NULL, NULL, NULL, NULL, 'datetime', '', '', 'select', ''),
(NULL, 'information_schema', 'TABLES', 'UPDATE_TIME', 16, NULL, 'YES', 'datetime', NULL, NULL, NULL, NULL, NULL, NULL, 'datetime', '', '', 'select', ''),
(NULL, 'information_schema', 'TABLES', 'CHECK_TIME', 17, NULL, 'YES', 'datetime', NULL, NULL, NULL, NULL, NULL, NULL, 'datetime', '', '', 'select', ''),
(NULL, 'information_schema', 'TABLES', 'TABLE_COLLATION', 18, NULL, 'YES', 'varchar', 32, 96, NULL, NULL, 'utf8', 'utf8_general_ci', 'varchar(32)', '', '', 'select', ''),
(NULL, 'information_schema', 'TABLES', 'CHECKSUM', 19, NULL, 'YES', 'bigint', NULL, NULL, 20, 0, NULL, NULL, 'bigint(21) unsigned', '', '', 'select', ''),
(NULL, 'information_schema', 'TABLES', 'CREATE_OPTIONS', 20, NULL, 'YES', 'varchar', 255, 765, NULL, NULL, 'utf8', 'utf8_general_ci', 'varchar(255)', '', '', 'select', ''),
(NULL, 'information_schema', 'TABLES', 'TABLE_COMMENT', 21, '', 'NO', 'varchar', 80, 240, NULL, NULL, 'utf8', 'utf8_general_ci', 'varchar(80)', '', '', 'select', ''),
(NULL, 'information_schema', 'TABLE_CONSTRAINTS', 'CONSTRAINT_CATALOG', 1, NULL, 'YES', 'varchar', 512, 1536, NULL, NULL, 'utf8', 'utf8_general_ci', 'varchar(512)', '', '', 'select', ''),
(NULL, 'information_schema', 'TABLE_CONSTRAINTS', 'CONSTRAINT_SCHEMA', 2, '', 'NO', 'varchar', 64, 192, NULL, NULL, 'utf8', 'utf8_general_ci', 'varchar(64)', '', '', 'select', ''),
(NULL, 'information_schema', 'TABLE_CONSTRAINTS', 'CONSTRAINT_NAME', 3, '', 'NO', 'varchar', 64, 192, NULL, NULL, 'utf8', 'utf8_general_ci', 'varchar(64)', '', '', 'select', ''),
(NULL, 'information_schema', 'TABLE_CONSTRAINTS', 'TABLE_SCHEMA', 4, '', 'NO', 'varchar', 64, 192, NULL, NULL, 'utf8', 'utf8_general_ci', 'varchar(64)', '', '', 'select', ''),
(NULL, 'information_schema', 'TABLE_CONSTRAINTS', 'TABLE_NAME', 5, '', 'NO', 'varchar', 64, 192, NULL, NULL, 'utf8', 'utf8_general_ci', 'varchar(64)', '', '', 'select', ''),
(NULL, 'information_schema', 'TABLE_CONSTRAINTS', 'CONSTRAINT_TYPE', 6, '', 'NO', 'varchar', 64, 192, NULL, NULL, 'utf8', 'utf8_general_ci', 'varchar(64)', '', '', 'select', ''),
(NULL, 'information_schema', 'TABLE_PRIVILEGES', 'GRANTEE', 1, '', 'NO', 'varchar', 81, 243, NULL, NULL, 'utf8', 'utf8_general_ci', 'varchar(81)', '', '', 'select', ''),
(NULL, 'information_schema', 'TABLE_PRIVILEGES', 'TABLE_CATALOG', 2, NULL, 'YES', 'varchar', 512, 1536, NULL, NULL, 'utf8', 'utf8_general_ci', 'varchar(512)', '', '', 'select', ''),
(NULL, 'information_schema', 'TABLE_PRIVILEGES', 'TABLE_SCHEMA', 3, '', 'NO', 'varchar', 64, 192, NULL, NULL, 'utf8', 'utf8_general_ci', 'varchar(64)', '', '', 'select', ''),
(NULL, 'information_schema', 'TABLE_PRIVILEGES', 'TABLE_NAME', 4, '', 'NO', 'varchar', 64, 192, NULL, NULL, 'utf8', 'utf8_general_ci', 'varchar(64)', '', '', 'select', ''),
(NULL, 'information_schema', 'TABLE_PRIVILEGES', 'PRIVILEGE_TYPE', 5, '', 'NO', 'varchar', 64, 192, NULL, NULL, 'utf8', 'utf8_general_ci', 'varchar(64)', '', '', 'select', ''),
(NULL, 'information_schema', 'TABLE_PRIVILEGES', 'IS_GRANTABLE', 6, '', 'NO', 'varchar', 3, 9, NULL, NULL, 'utf8', 'utf8_general_ci', 'varchar(3)', '', '', 'select', ''),
(NULL, 'information_schema', 'TRIGGERS', 'TRIGGER_CATALOG', 1, NULL, 'YES', 'varchar', 512, 1536, NULL, NULL, 'utf8', 'utf8_general_ci', 'varchar(512)', '', '', 'select', ''),
(NULL, 'information_schema', 'TRIGGERS', 'TRIGGER_SCHEMA', 2, '', 'NO', 'varchar', 64, 192, NULL, NULL, 'utf8', 'utf8_general_ci', 'varchar(64)', '', '', 'select', ''),
(NULL, 'information_schema', 'TRIGGERS', 'TRIGGER_NAME', 3, '', 'NO', 'varchar', 64, 192, NULL, NULL, 'utf8', 'utf8_general_ci', 'varchar(64)', '', '', 'select', ''),
(NULL, 'information_schema', 'TRIGGERS', 'EVENT_MANIPULATION', 4, '', 'NO', 'varchar', 6, 18, NULL, NULL, 'utf8', 'utf8_general_ci', 'varchar(6)', '', '', 'select', ''),
(NULL, 'information_schema', 'TRIGGERS', 'EVENT_OBJECT_CATALOG', 5, NULL, 'YES', 'varchar', 512, 1536, NULL, NULL, 'utf8', 'utf8_general_ci', 'varchar(512)', '', '', 'select', ''),
(NULL, 'information_schema', 'TRIGGERS', 'EVENT_OBJECT_SCHEMA', 6, '', 'NO', 'varchar', 64, 192, NULL, NULL, 'utf8', 'utf8_general_ci', 'varchar(64)', '', '', 'select', ''),
(NULL, 'information_schema', 'TRIGGERS', 'EVENT_OBJECT_TABLE', 7, '', 'NO', 'varchar', 64, 192, NULL, NULL, 'utf8', 'utf8_general_ci', 'varchar(64)', '', '', 'select', ''),
(NULL, 'information_schema', 'TRIGGERS', 'ACTION_ORDER', 8, '0', 'NO', 'bigint', NULL, NULL, 19, 0, NULL, NULL, 'bigint(4)', '', '', 'select', ''),
(NULL, 'information_schema', 'TRIGGERS', 'ACTION_CONDITION', 9, NULL, 'YES', 'longtext', 4294967295, 4294967295, NULL, NULL, 'utf8', 'utf8_general_ci', 'longtext', '', '', 'select', ''),
(NULL, 'information_schema', 'TRIGGERS', 'ACTION_STATEMENT', 10, NULL, 'NO', 'longtext', 4294967295, 4294967295, NULL, NULL, 'utf8', 'utf8_general_ci', 'longtext', '', '', 'select', ''),
(NULL, 'information_schema', 'TRIGGERS', 'ACTION_ORIENTATION', 11, '', 'NO', 'varchar', 9, 27, NULL, NULL, 'utf8', 'utf8_general_ci', 'varchar(9)', '', '', 'select', ''),
(NULL, 'information_schema', 'TRIGGERS', 'ACTION_TIMING', 12, '', 'NO', 'varchar', 6, 18, NULL, NULL, 'utf8', 'utf8_general_ci', 'varchar(6)', '', '', 'select', ''),
(NULL, 'information_schema', 'TRIGGERS', 'ACTION_REFERENCE_OLD_TABLE', 13, NULL, 'YES', 'varchar', 64, 192, NULL, NULL, 'utf8', 'utf8_general_ci', 'varchar(64)', '', '', 'select', ''),
(NULL, 'information_schema', 'TRIGGERS', 'ACTION_REFERENCE_NEW_TABLE', 14, NULL, 'YES', 'varchar', 64, 192, NULL, NULL, 'utf8', 'utf8_general_ci', 'varchar(64)', '', '', 'select', ''),
(NULL, 'information_schema', 'TRIGGERS', 'ACTION_REFERENCE_OLD_ROW', 15, '', 'NO', 'varchar', 3, 9, NULL, NULL, 'utf8', 'utf8_general_ci', 'varchar(3)', '', '', 'select', ''),
(NULL, 'information_schema', 'TRIGGERS', 'ACTION_REFERENCE_NEW_ROW', 16, '', 'NO', 'varchar', 3, 9, NULL, NULL, 'utf8', 'utf8_general_ci', 'varchar(3)', '', '', 'select', ''),
(NULL, 'information_schema', 'TRIGGERS', 'CREATED', 17, NULL, 'YES', 'datetime', NULL, NULL, NULL, NULL, NULL, NULL, 'datetime', '', '', 'select', ''),
(NULL, 'information_schema', 'TRIGGERS', 'SQL_MODE', 18, '', 'NO', 'varchar', 8192, 24576, NULL, NULL, 'utf8', 'utf8_general_ci', 'varchar(8192)', '', '', 'select', ''),
(NULL, 'information_schema', 'TRIGGERS', 'DEFINER', 19, '', 'NO', 'varchar', 77, 231, NULL, NULL, 'utf8', 'utf8_general_ci', 'varchar(77)', '', '', 'select', ''),
(NULL, 'information_schema', 'TRIGGERS', 'CHARACTER_SET_CLIENT', 20, '', 'NO', 'varchar', 32, 96, NULL, NULL, 'utf8', 'utf8_general_ci', 'varchar(32)', '', '', 'select', ''),
(NULL, 'information_schema', 'TRIGGERS', 'COLLATION_CONNECTION', 21, '', 'NO', 'varchar', 32, 96, NULL, NULL, 'utf8', 'utf8_general_ci', 'varchar(32)', '', '', 'select', '');
INSERT INTO `COLUMNS` (`TABLE_CATALOG`, `TABLE_SCHEMA`, `TABLE_NAME`, `COLUMN_NAME`, `ORDINAL_POSITION`, `COLUMN_DEFAULT`, `IS_NULLABLE`, `DATA_TYPE`, `CHARACTER_MAXIMUM_LENGTH`, `CHARACTER_OCTET_LENGTH`, `NUMERIC_PRECISION`, `NUMERIC_SCALE`, `CHARACTER_SET_NAME`, `COLLATION_NAME`, `COLUMN_TYPE`, `COLUMN_KEY`, `EXTRA`, `PRIVILEGES`, `COLUMN_COMMENT`) VALUES
(NULL, 'information_schema', 'TRIGGERS', 'DATABASE_COLLATION', 22, '', 'NO', 'varchar', 32, 96, NULL, NULL, 'utf8', 'utf8_general_ci', 'varchar(32)', '', '', 'select', ''),
(NULL, 'information_schema', 'USER_PRIVILEGES', 'GRANTEE', 1, '', 'NO', 'varchar', 81, 243, NULL, NULL, 'utf8', 'utf8_general_ci', 'varchar(81)', '', '', 'select', ''),
(NULL, 'information_schema', 'USER_PRIVILEGES', 'TABLE_CATALOG', 2, NULL, 'YES', 'varchar', 512, 1536, NULL, NULL, 'utf8', 'utf8_general_ci', 'varchar(512)', '', '', 'select', ''),
(NULL, 'information_schema', 'USER_PRIVILEGES', 'PRIVILEGE_TYPE', 3, '', 'NO', 'varchar', 64, 192, NULL, NULL, 'utf8', 'utf8_general_ci', 'varchar(64)', '', '', 'select', ''),
(NULL, 'information_schema', 'USER_PRIVILEGES', 'IS_GRANTABLE', 4, '', 'NO', 'varchar', 3, 9, NULL, NULL, 'utf8', 'utf8_general_ci', 'varchar(3)', '', '', 'select', ''),
(NULL, 'information_schema', 'VIEWS', 'TABLE_CATALOG', 1, NULL, 'YES', 'varchar', 512, 1536, NULL, NULL, 'utf8', 'utf8_general_ci', 'varchar(512)', '', '', 'select', ''),
(NULL, 'information_schema', 'VIEWS', 'TABLE_SCHEMA', 2, '', 'NO', 'varchar', 64, 192, NULL, NULL, 'utf8', 'utf8_general_ci', 'varchar(64)', '', '', 'select', ''),
(NULL, 'information_schema', 'VIEWS', 'TABLE_NAME', 3, '', 'NO', 'varchar', 64, 192, NULL, NULL, 'utf8', 'utf8_general_ci', 'varchar(64)', '', '', 'select', ''),
(NULL, 'information_schema', 'VIEWS', 'VIEW_DEFINITION', 4, NULL, 'NO', 'longtext', 4294967295, 4294967295, NULL, NULL, 'utf8', 'utf8_general_ci', 'longtext', '', '', 'select', ''),
(NULL, 'information_schema', 'VIEWS', 'CHECK_OPTION', 5, '', 'NO', 'varchar', 8, 24, NULL, NULL, 'utf8', 'utf8_general_ci', 'varchar(8)', '', '', 'select', ''),
(NULL, 'information_schema', 'VIEWS', 'IS_UPDATABLE', 6, '', 'NO', 'varchar', 3, 9, NULL, NULL, 'utf8', 'utf8_general_ci', 'varchar(3)', '', '', 'select', ''),
(NULL, 'information_schema', 'VIEWS', 'DEFINER', 7, '', 'NO', 'varchar', 77, 231, NULL, NULL, 'utf8', 'utf8_general_ci', 'varchar(77)', '', '', 'select', ''),
(NULL, 'information_schema', 'VIEWS', 'SECURITY_TYPE', 8, '', 'NO', 'varchar', 7, 21, NULL, NULL, 'utf8', 'utf8_general_ci', 'varchar(7)', '', '', 'select', ''),
(NULL, 'information_schema', 'VIEWS', 'CHARACTER_SET_CLIENT', 9, '', 'NO', 'varchar', 32, 96, NULL, NULL, 'utf8', 'utf8_general_ci', 'varchar(32)', '', '', 'select', ''),
(NULL, 'information_schema', 'VIEWS', 'COLLATION_CONNECTION', 10, '', 'NO', 'varchar', 32, 96, NULL, NULL, 'utf8', 'utf8_general_ci', 'varchar(32)', '', '', 'select', ''),
(NULL, 'C334953_elevation19', 'el_area', 'id_area', 1, NULL, 'NO', 'int', NULL, NULL, 10, 0, NULL, NULL, 'int(11)', 'PRI', 'auto_increment', 'select,insert,update,references', ''),
(NULL, 'C334953_elevation19', 'el_area', 'depto', 2, NULL, 'NO', 'enum', 17, 17, NULL, NULL, 'latin1', 'latin1_swedish_ci', 'enum(''atlantida'',''choluteca'',''colon'',''comayagua'',''copan'',''cortes'',''El Paraiso'',''Francisco Morazan'',''Gracias a Dios'',''Intibuca'',''Islas de la Bahia'',''La Paz'',''Lempira'',''Ocotepeque'',''Olancho'',''Santa Barbara'',''Valle'',''Yoro'')', '', '', 'select,insert,update,references', ''),
(NULL, 'C334953_elevation19', 'el_area', 'ciudad', 3, NULL, 'NO', 'varchar', 100, 100, NULL, NULL, 'latin1', 'latin1_swedish_ci', 'varchar(100)', '', '', 'select,insert,update,references', ''),
(NULL, 'C334953_elevation19', 'el_area', 'habilitada', 4, NULL, 'NO', 'enum', 2, 2, NULL, NULL, 'latin1', 'latin1_swedish_ci', 'enum(''no'',''si'')', '', '', 'select,insert,update,references', ''),
(NULL, 'C334953_elevation19', 'el_categorias', 'id_categoria', 1, NULL, 'NO', 'int', NULL, NULL, 10, 0, NULL, NULL, 'int(11)', 'PRI', 'auto_increment', 'select,insert,update,references', ''),
(NULL, 'C334953_elevation19', 'el_categorias', 'categoria', 2, NULL, 'NO', 'varchar', 100, 100, NULL, NULL, 'latin1', 'latin1_swedish_ci', 'varchar(100)', '', '', 'select,insert,update,references', ''),
(NULL, 'C334953_elevation19', 'el_categorias', 'mostrarpopup', 3, NULL, 'NO', 'enum', 2, 2, NULL, NULL, 'latin1', 'latin1_swedish_ci', 'enum(''si'',''no'')', '', '', 'select,insert,update,references', ''),
(NULL, 'C334953_elevation19', 'el_ciudades', 'id_ciudad', 1, NULL, 'NO', 'int', NULL, NULL, 10, 0, NULL, NULL, 'int(11)', 'PRI', 'auto_increment', 'select,insert,update,references', ''),
(NULL, 'C334953_elevation19', 'el_ciudades', 'ciudad', 2, NULL, 'NO', 'varchar', 100, 100, NULL, NULL, 'latin1', 'latin1_swedish_ci', 'varchar(100)', '', '', 'select,insert,update,references', ''),
(NULL, 'C334953_elevation19', 'el_ciudades', 'depto', 3, NULL, 'NO', 'varchar', 30, 30, NULL, NULL, 'latin1', 'latin1_swedish_ci', 'varchar(30)', '', '', 'select,insert,update,references', ''),
(NULL, 'C334953_elevation19', 'el_comments', 'p_id', 1, NULL, 'NO', 'int', NULL, NULL, 10, 0, NULL, NULL, 'int(11)', 'PRI', 'auto_increment', 'select,insert,update,references', ''),
(NULL, 'C334953_elevation19', 'el_comments', 'oferta_id', 2, NULL, 'NO', 'int', NULL, NULL, 10, 0, NULL, NULL, 'int(11)', '', '', 'select,insert,update,references', ''),
(NULL, 'C334953_elevation19', 'el_comments', 'f_name', 3, NULL, 'NO', 'varchar', 50, 50, NULL, NULL, 'latin1', 'latin1_swedish_ci', 'varchar(50)', '', '', 'select,insert,update,references', ''),
(NULL, 'C334953_elevation19', 'el_comments', 'post', 4, NULL, 'NO', 'varchar', 255, 255, NULL, NULL, 'latin1', 'latin1_swedish_ci', 'varchar(255)', '', '', 'select,insert,update,references', ''),
(NULL, 'C334953_elevation19', 'el_comments', 'f_image', 5, NULL, 'NO', 'int', NULL, NULL, 10, 0, NULL, NULL, 'int(11)', '', '', 'select,insert,update,references', ''),
(NULL, 'C334953_elevation19', 'el_comments', 'date_created', 6, NULL, 'NO', 'int', NULL, NULL, 10, 0, NULL, NULL, 'int(11)', '', '', 'select,insert,update,references', ''),
(NULL, 'C334953_elevation19', 'el_comments', 'userip', 7, NULL, 'NO', 'varchar', 200, 200, NULL, NULL, 'latin1', 'latin1_swedish_ci', 'varchar(200)', '', '', 'select,insert,update,references', ''),
(NULL, 'C334953_elevation19', 'el_comments', 'rating', 8, NULL, 'NO', 'tinyint', NULL, NULL, 3, 0, NULL, NULL, 'tinyint(4)', '', '', 'select,insert,update,references', ''),
(NULL, 'C334953_elevation19', 'el_comments_post', 'c_id', 1, NULL, 'NO', 'int', NULL, NULL, 10, 0, NULL, NULL, 'int(11)', 'PRI', 'auto_increment', 'select,insert,update,references', ''),
(NULL, 'C334953_elevation19', 'el_comments_post', 'userip', 2, NULL, 'NO', 'varchar', 200, 200, NULL, NULL, 'latin1', 'latin1_swedish_ci', 'varchar(200)', '', '', 'select,insert,update,references', ''),
(NULL, 'C334953_elevation19', 'el_comments_post', 'comments', 3, NULL, 'NO', 'text', 65535, 65535, NULL, NULL, 'latin1', 'latin1_swedish_ci', 'text', '', '', 'select,insert,update,references', ''),
(NULL, 'C334953_elevation19', 'el_comments_post', 'date_created', 4, NULL, 'NO', 'int', NULL, NULL, 10, 0, NULL, NULL, 'int(11)', '', '', 'select,insert,update,references', ''),
(NULL, 'C334953_elevation19', 'el_comments_post', 'post_id', 5, NULL, 'NO', 'int', NULL, NULL, 10, 0, NULL, NULL, 'int(11)', '', '', 'select,insert,update,references', ''),
(NULL, 'C334953_elevation19', 'el_cupones', 'id', 1, NULL, 'NO', 'int', NULL, NULL, 10, 0, NULL, NULL, 'int(11)', 'PRI', 'auto_increment', 'select,insert,update,references', ''),
(NULL, 'C334953_elevation19', 'el_cupones', 'titulo', 2, NULL, 'NO', 'varchar', 100, 100, NULL, NULL, 'latin1', 'latin1_swedish_ci', 'varchar(100)', '', '', 'select,insert,update,references', ''),
(NULL, 'C334953_elevation19', 'el_cupones', 'brevedescripcion', 3, NULL, 'NO', 'varchar', 100, 100, NULL, NULL, 'latin1', 'latin1_swedish_ci', 'varchar(100)', '', '', 'select,insert,update,references', ''),
(NULL, 'C334953_elevation19', 'el_cupones', 'categoria', 4, NULL, 'NO', 'int', NULL, NULL, 10, 0, NULL, NULL, 'int(11)', '', '', 'select,insert,update,references', ''),
(NULL, 'C334953_elevation19', 'el_cupones', 'empresa', 5, NULL, 'NO', 'int', NULL, NULL, 10, 0, NULL, NULL, 'int(11)', '', '', 'select,insert,update,references', ''),
(NULL, 'C334953_elevation19', 'el_cupones', 'ciudad', 6, NULL, 'NO', 'int', NULL, NULL, 10, 0, NULL, NULL, 'int(11)', '', '', 'select,insert,update,references', ''),
(NULL, 'C334953_elevation19', 'el_cupones', 'ofertadeldia', 7, NULL, 'NO', 'enum', 2, 2, NULL, NULL, 'latin1', 'latin1_swedish_ci', 'enum(''no'',''si'')', '', '', 'select,insert,update,references', ''),
(NULL, 'C334953_elevation19', 'el_cupones', 'ofertadiadesde', 8, 'CURRENT_TIMESTAMP', 'NO', 'timestamp', NULL, NULL, NULL, NULL, NULL, NULL, 'timestamp', '', 'on update CURRENT_TIMESTAMP', 'select,insert,update,references', ''),
(NULL, 'C334953_elevation19', 'el_cupones', 'ofertadiahasta', 9, '0000-00-00 00:00:00', 'NO', 'timestamp', NULL, NULL, NULL, NULL, NULL, NULL, 'timestamp', '', '', 'select,insert,update,references', ''),
(NULL, 'C334953_elevation19', 'el_cupones', 'descripcion', 10, NULL, 'NO', 'text', 65535, 65535, NULL, NULL, 'latin1', 'latin1_swedish_ci', 'text', '', '', 'select,insert,update,references', ''),
(NULL, 'C334953_elevation19', 'el_cupones', 'terminos', 11, NULL, 'NO', 'text', 65535, 65535, NULL, NULL, 'latin1', 'latin1_swedish_ci', 'text', '', '', 'select,insert,update,references', ''),
(NULL, 'C334953_elevation19', 'el_cupones', 'direccion', 12, NULL, 'NO', 'text', 65535, 65535, NULL, NULL, 'latin1', 'latin1_swedish_ci', 'text', '', '', 'select,insert,update,references', ''),
(NULL, 'C334953_elevation19', 'el_cupones', 'valor', 13, NULL, 'NO', 'varchar', 15, 15, NULL, NULL, 'latin1', 'latin1_swedish_ci', 'varchar(15)', '', '', 'select,insert,update,references', ''),
(NULL, 'C334953_elevation19', 'el_cupones', 'anterior', 14, NULL, 'NO', 'varchar', 15, 15, NULL, NULL, 'latin1', 'latin1_swedish_ci', 'varchar(15)', '', '', 'select,insert,update,references', ''),
(NULL, 'C334953_elevation19', 'el_cupones', 'descuento', 15, NULL, 'NO', 'varchar', 15, 15, NULL, NULL, 'latin1', 'latin1_swedish_ci', 'varchar(15)', '', '', 'select,insert,update,references', ''),
(NULL, 'C334953_elevation19', 'el_cupones', 'ahorro', 16, NULL, 'NO', 'varchar', 15, 15, NULL, NULL, 'latin1', 'latin1_swedish_ci', 'varchar(15)', '', '', 'select,insert,update,references', ''),
(NULL, 'C334953_elevation19', 'el_cupones', 'hasta', 17, NULL, 'YES', 'timestamp', NULL, NULL, NULL, NULL, NULL, NULL, 'timestamp', '', '', 'select,insert,update,references', ''),
(NULL, 'C334953_elevation19', 'el_cupones', 'desde', 18, '0000-00-00 00:00:00', 'NO', 'timestamp', NULL, NULL, NULL, NULL, NULL, NULL, 'timestamp', '', '', 'select,insert,update,references', ''),
(NULL, 'C334953_elevation19', 'el_cupones', 'bk_cupon', 19, 'bk_cupon_rojo.jpg', 'NO', 'enum', 18, 18, NULL, NULL, 'latin1', 'latin1_swedish_ci', 'enum(''bk_cupon_rojo.jpg'',''bk_cupon_negro.jpg'',''bk_cupon_azul.jpg'',''bk_cupon_verde.jpg'')', '', '', 'select,insert,update,references', ''),
(NULL, 'C334953_elevation19', 'el_cupones', 'img', 20, NULL, 'NO', 'varchar', 500, 500, NULL, NULL, 'latin1', 'latin1_swedish_ci', 'varchar(500)', '', '', 'select,insert,update,references', ''),
(NULL, 'C334953_elevation19', 'el_cupones', 'recientes', 21, NULL, 'NO', 'enum', 2, 2, NULL, NULL, 'latin1', 'latin1_swedish_ci', 'enum(''No'',''Si'')', '', '', 'select,insert,update,references', ''),
(NULL, 'C334953_elevation19', 'el_cupones', 'slider', 22, 'No', 'NO', 'enum', 2, 2, NULL, NULL, 'latin1', 'latin1_swedish_ci', 'enum(''No'',''Si'')', '', '', 'select,insert,update,references', ''),
(NULL, 'C334953_elevation19', 'el_cupones', 'slider_color', 23, 'slider_rojo.jpg', 'NO', 'enum', 16, 16, NULL, NULL, 'latin1', 'latin1_swedish_ci', 'enum(''slider_rojo.jpg'',''slider_negro.jpg'',''slider_azul.jpg'')', '', '', 'select,insert,update,references', ''),
(NULL, 'C334953_elevation19', 'el_cupones', 'titulo_publicitario', 24, NULL, 'NO', 'varchar', 40, 40, NULL, NULL, 'latin1', 'latin1_swedish_ci', 'varchar(40)', '', '', 'select,insert,update,references', ''),
(NULL, 'C334953_elevation19', 'el_cupones', 'descri_publicitaria', 25, NULL, 'NO', 'text', 65535, 65535, NULL, NULL, 'latin1', 'latin1_swedish_ci', 'text', '', '', 'select,insert,update,references', ''),
(NULL, 'C334953_elevation19', 'el_cupones', 'img_publicitaria', 26, NULL, 'NO', 'varchar', 100, 100, NULL, NULL, 'latin1', 'latin1_swedish_ci', 'varchar(100)', '', '', 'select,insert,update,references', ''),
(NULL, 'C334953_elevation19', 'el_cupones', 'enlace_publicitario', 27, NULL, 'NO', 'varchar', 200, 200, NULL, NULL, 'latin1', 'latin1_swedish_ci', 'varchar(200)', '', '', 'select,insert,update,references', ''),
(NULL, 'C334953_elevation19', 'el_cupones', 'megusta', 28, NULL, 'NO', 'int', NULL, NULL, 10, 0, NULL, NULL, 'int(11)', '', '', 'select,insert,update,references', ''),
(NULL, 'C334953_elevation19', 'el_cupones', 'nomegusta', 29, NULL, 'NO', 'int', NULL, NULL, 10, 0, NULL, NULL, 'int(11)', '', '', 'select,insert,update,references', ''),
(NULL, 'C334953_elevation19', 'el_cupones', 'adquiridos', 30, NULL, 'NO', 'int', NULL, NULL, 10, 0, NULL, NULL, 'int(11)', '', '', 'select,insert,update,references', ''),
(NULL, 'C334953_elevation19', 'el_cupones', 'impresos', 31, NULL, 'NO', 'int', NULL, NULL, 10, 0, NULL, NULL, 'int(11)', '', '', 'select,insert,update,references', ''),
(NULL, 'C334953_elevation19', 'el_cupones', 'limiteadquirir', 32, '0', 'NO', 'int', NULL, NULL, 10, 0, NULL, NULL, 'int(11)', '', '', 'select,insert,update,references', ''),
(NULL, 'C334953_elevation19', 'el_cupones', 'visto', 33, NULL, 'NO', 'int', NULL, NULL, 10, 0, NULL, NULL, 'int(11)', '', '', 'select,insert,update,references', ''),
(NULL, 'C334953_elevation19', 'el_cupones', 'activo', 34, '1', 'NO', 'enum', 1, 1, NULL, NULL, 'latin1', 'latin1_swedish_ci', 'enum(''0'',''1'')', '', '', 'select,insert,update,references', ''),
(NULL, 'C334953_elevation19', 'el_cupones_usuarios', 'id_cupon_usuario', 1, NULL, 'NO', 'int', NULL, NULL, 10, 0, NULL, NULL, 'int(11)', 'PRI', 'auto_increment', 'select,insert,update,references', ''),
(NULL, 'C334953_elevation19', 'el_cupones_usuarios', 'cupon_id', 2, NULL, 'NO', 'int', NULL, NULL, 10, 0, NULL, NULL, 'int(11)', '', '', 'select,insert,update,references', ''),
(NULL, 'C334953_elevation19', 'el_cupones_usuarios', 'codigo', 3, NULL, 'NO', 'varchar', 20, 20, NULL, NULL, 'latin1', 'latin1_swedish_ci', 'varchar(20)', '', '', 'select,insert,update,references', ''),
(NULL, 'C334953_elevation19', 'el_cupones_usuarios', 'usuario', 4, NULL, 'NO', 'int', NULL, NULL, 10, 0, NULL, NULL, 'int(11)', '', '', 'select,insert,update,references', ''),
(NULL, 'C334953_elevation19', 'el_cupones_usuarios', 'empresa_id', 5, NULL, 'NO', 'int', NULL, NULL, 10, 0, NULL, NULL, 'int(11)', '', '', 'select,insert,update,references', ''),
(NULL, 'C334953_elevation19', 'el_cupones_usuarios', 'desde', 6, NULL, 'NO', 'datetime', NULL, NULL, NULL, NULL, NULL, NULL, 'datetime', '', '', 'select,insert,update,references', ''),
(NULL, 'C334953_elevation19', 'el_cupones_usuarios', 'hasta', 7, '0000-00-00 00:00:00', 'NO', 'datetime', NULL, NULL, NULL, NULL, NULL, NULL, 'datetime', '', '', 'select,insert,update,references', ''),
(NULL, 'C334953_elevation19', 'el_cupones_usuarios', 'fecha_registro', 8, 'CURRENT_TIMESTAMP', 'NO', 'timestamp', NULL, NULL, NULL, NULL, NULL, NULL, 'timestamp', '', 'on update CURRENT_TIMESTAMP', 'select,insert,update,references', ''),
(NULL, 'C334953_elevation19', 'el_cupones_usuarios', 'fecha_canje', 9, NULL, 'NO', 'datetime', NULL, NULL, NULL, NULL, NULL, NULL, 'datetime', '', '', 'select,insert,update,references', ''),
(NULL, 'C334953_elevation19', 'el_cupones_usuarios', 'canje', 10, '0', 'NO', 'tinyint', NULL, NULL, 3, 0, NULL, NULL, 'tinyint(4)', '', '', 'select,insert,update,references', ''),
(NULL, 'C334953_elevation19', 'el_cupones_usuarios', 'habilitado', 11, '1', 'NO', 'tinyint', NULL, NULL, 3, 0, NULL, NULL, 'tinyint(4)', '', '', 'select,insert,update,references', ''),
(NULL, 'C334953_elevation19', 'el_empresas', 'id_empresa', 1, NULL, 'NO', 'int', NULL, NULL, 10, 0, NULL, NULL, 'int(11)', 'PRI', 'auto_increment', 'select,insert,update,references', ''),
(NULL, 'C334953_elevation19', 'el_empresas', 'empresa', 2, NULL, 'NO', 'varchar', 150, 150, NULL, NULL, 'latin1', 'latin1_swedish_ci', 'varchar(150)', '', '', 'select,insert,update,references', ''),
(NULL, 'C334953_elevation19', 'el_empresas', 'clave', 3, NULL, 'NO', 'varchar', 100, 100, NULL, NULL, 'latin1', 'latin1_swedish_ci', 'varchar(100)', '', '', 'select,insert,update,references', ''),
(NULL, 'C334953_elevation19', 'el_empresas', 'telefono', 4, NULL, 'NO', 'varchar', 20, 20, NULL, NULL, 'latin1', 'latin1_swedish_ci', 'varchar(20)', '', '', 'select,insert,update,references', ''),
(NULL, 'C334953_elevation19', 'el_empresas', 'correo', 5, NULL, 'NO', 'varchar', 120, 120, NULL, NULL, 'latin1', 'latin1_swedish_ci', 'varchar(120)', '', '', 'select,insert,update,references', ''),
(NULL, 'C334953_elevation19', 'el_empresas', 'categoria_id', 6, NULL, 'NO', 'int', NULL, NULL, 10, 0, NULL, NULL, 'int(11)', '', '', 'select,insert,update,references', ''),
(NULL, 'C334953_elevation19', 'el_empresas', 'website', 7, NULL, 'NO', 'varchar', 200, 200, NULL, NULL, 'latin1', 'latin1_swedish_ci', 'varchar(200)', '', '', 'select,insert,update,references', ''),
(NULL, 'C334953_elevation19', 'el_empresas', 'descripcion', 8, NULL, 'NO', 'text', 65535, 65535, NULL, NULL, 'latin1', 'latin1_swedish_ci', 'text', '', '', 'select,insert,update,references', ''),
(NULL, 'C334953_elevation19', 'el_usuarios', 'id_usuario', 1, NULL, 'NO', 'int', NULL, NULL, 10, 0, NULL, NULL, 'int(11)', 'PRI', 'auto_increment', 'select,insert,update,references', ''),
(NULL, 'C334953_elevation19', 'el_usuarios', 'usuario', 2, NULL, 'NO', 'varchar', 120, 120, NULL, NULL, 'latin1', 'latin1_swedish_ci', 'varchar(120)', '', '', 'select,insert,update,references', ''),
(NULL, 'C334953_elevation19', 'el_usuarios', 'clave', 3, NULL, 'NO', 'varchar', 120, 120, NULL, NULL, 'latin1', 'latin1_swedish_ci', 'varchar(120)', '', '', 'select,insert,update,references', ''),
(NULL, 'C334953_elevation19', 'el_usuarios', 'nombres', 4, NULL, 'NO', 'varchar', 200, 200, NULL, NULL, 'latin1', 'latin1_swedish_ci', 'varchar(200)', '', '', 'select,insert,update,references', ''),
(NULL, 'C334953_elevation19', 'el_usuarios', 'apellidos', 5, NULL, 'NO', 'varchar', 200, 200, NULL, NULL, 'latin1', 'latin1_swedish_ci', 'varchar(200)', '', '', 'select,insert,update,references', ''),
(NULL, 'C334953_elevation19', 'el_usuarios', 'telefono', 6, NULL, 'NO', 'varchar', 20, 20, NULL, NULL, 'latin1', 'latin1_swedish_ci', 'varchar(20)', '', '', 'select,insert,update,references', ''),
(NULL, 'C334953_elevation19', 'el_usuarios', 'genero', 7, NULL, 'NO', 'enum', 6, 6, NULL, NULL, 'latin1', 'latin1_swedish_ci', 'enum(''Hombre'',''Mujer'')', '', '', 'select,insert,update,references', ''),
(NULL, 'C334953_elevation19', 'el_usuarios', 'fecha_nacimiento', 8, NULL, 'NO', 'date', NULL, NULL, NULL, NULL, NULL, NULL, 'date', '', '', 'select,insert,update,references', ''),
(NULL, 'C334953_elevation19', 'el_usuarios', 'dia', 9, NULL, 'NO', 'smallint', NULL, NULL, 5, 0, NULL, NULL, 'smallint(6)', '', '', 'select,insert,update,references', ''),
(NULL, 'C334953_elevation19', 'el_usuarios', 'mes', 10, NULL, 'NO', 'int', NULL, NULL, 10, 0, NULL, NULL, 'int(11)', '', '', 'select,insert,update,references', ''),
(NULL, 'C334953_elevation19', 'el_usuarios', 'anio', 11, NULL, 'NO', 'int', NULL, NULL, 10, 0, NULL, NULL, 'int(11)', '', '', 'select,insert,update,references', ''),
(NULL, 'C334953_elevation19', 'el_usuarios', 'ciudad', 12, NULL, 'NO', 'int', NULL, NULL, 10, 0, NULL, NULL, 'int(11)', '', '', 'select,insert,update,references', ''),
(NULL, 'C334953_elevation19', 'el_usuarios', 'administrativo', 13, NULL, 'NO', 'enum', 2, 2, NULL, NULL, 'latin1', 'latin1_swedish_ci', 'enum(''no'',''si'')', '', '', 'select,insert,update,references', ''),
(NULL, 'C334953_elevation19', 'el_usuarios', 'random_activar', 14, NULL, 'NO', 'varchar', 25, 25, NULL, NULL, 'latin1', 'latin1_swedish_ci', 'varchar(25)', '', '', 'select,insert,update,references', ''),
(NULL, 'C334953_elevation19', 'el_usuarios', 'activo', 15, NULL, 'NO', 'enum', 2, 2, NULL, NULL, 'latin1', 'latin1_swedish_ci', 'enum(''no'',''si'')', '', '', 'select,insert,update,references', ''),
(NULL, 'C334953_elevation19', 'el_usuarios', 'visitas', 16, NULL, 'NO', 'int', NULL, NULL, 10, 0, NULL, NULL, 'int(11)', '', '', 'select,insert,update,references', ''),
(NULL, 'C334953_elevation19', 'el_usuarios', 'ultima_visita', 17, NULL, 'NO', 'datetime', NULL, NULL, NULL, NULL, NULL, NULL, 'datetime', '', '', 'select,insert,update,references', ''),
(NULL, 'C334953_elevation19', 'el_usuarios', 'ip', 18, NULL, 'NO', 'varchar', 15, 15, NULL, NULL, 'latin1', 'latin1_swedish_ci', 'varchar(15)', '', '', 'select,insert,update,references', ''),
(NULL, 'C334953_elevation19', 'el_usuarios', 'img', 19, NULL, 'NO', 'varchar', 100, 100, NULL, NULL, 'latin1', 'latin1_swedish_ci', 'varchar(100)', '', '', 'select,insert,update,references', ''),
(NULL, 'C334953_elevation19', 'members', 'member_id', 1, NULL, 'NO', 'int', NULL, NULL, 10, 0, NULL, NULL, 'int(11) unsigned', 'PRI', 'auto_increment', 'select,insert,update,references', ''),
(NULL, 'C334953_elevation19', 'members', 'login', 2, NULL, 'NO', 'varchar', 30, 30, NULL, NULL, 'latin1', 'latin1_swedish_ci', 'varchar(30)', '', '', 'select,insert,update,references', ''),
(NULL, 'C334953_elevation19', 'members', 'firstname', 3, NULL, 'YES', 'varchar', 100, 100, NULL, NULL, 'latin1', 'latin1_swedish_ci', 'varchar(100)', '', '', 'select,insert,update,references', ''),
(NULL, 'C334953_elevation19', 'members', 'lastname', 4, NULL, 'YES', 'varchar', 100, 100, NULL, NULL, 'latin1', 'latin1_swedish_ci', 'varchar(100)', '', '', 'select,insert,update,references', ''),
(NULL, 'C334953_elevation19', 'members', 'password', 5, NULL, 'NO', 'varchar', 32, 32, NULL, NULL, 'latin1', 'latin1_swedish_ci', 'varchar(32)', '', '', 'select,insert,update,references', ''),
(NULL, 'C334953_elevation19', 'members', 'email', 6, NULL, 'NO', 'varchar', 100, 100, NULL, NULL, 'latin1', 'latin1_swedish_ci', 'varchar(100)', '', '', 'select,insert,update,references', ''),
(NULL, 'C334953_elevation19', 'members', 'puesto', 7, NULL, 'NO', 'int', NULL, NULL, 10, 0, NULL, NULL, 'int(11)', '', '', 'select,insert,update,references', ''),
(NULL, 'C334953_elevation19', 'members', 'type', 8, 'usuario', 'NO', 'enum', 7, 7, NULL, NULL, 'latin1', 'latin1_swedish_ci', 'enum(''usuario'',''admin'')', '', '', 'select,insert,update,references', ''),
(NULL, 'C334953_elevation19', 'members', 'turno', 9, NULL, 'NO', 'varchar', 3, 3, NULL, NULL, 'latin1', 'latin1_swedish_ci', 'varchar(3)', '', '', 'select,insert,update,references', ''),
(NULL, 'C334953_elevation19', 'members', 'rota', 10, NULL, 'NO', 'enum', 2, 2, NULL, NULL, 'latin1', 'latin1_swedish_ci', 'enum(''si'',''no'')', '', '', 'select,insert,update,references', ''),
(NULL, 'C334953_elevation19', 'members', 'grupo', 11, NULL, 'NO', 'varchar', 50, 50, NULL, NULL, 'latin1', 'latin1_swedish_ci', 'varchar(50)', '', '', 'select,insert,update,references', ''),
(NULL, 'C334953_elevation19', 'members', 'obs', 12, NULL, 'YES', 'longtext', 4294967295, 4294967295, NULL, NULL, 'latin1', 'latin1_swedish_ci', 'longtext', '', '', 'select,insert,update,references', ''),
(NULL, 'C334953_elevation19', 'members', 'pic', 13, NULL, 'YES', 'varchar', 100, 100, NULL, NULL, 'latin1', 'latin1_spanish_ci', 'varchar(100)', '', '', 'select,insert,update,references', ''),
(NULL, 'C334953_elevation19', 'members', 'muro', 14, NULL, 'NO', 'int', NULL, NULL, 10, 0, NULL, NULL, 'int(10) unsigned', '', '', 'select,insert,update,references', ''),
(NULL, 'C334953_elevation19', 'members', 'msg', 15, NULL, 'NO', 'int', NULL, NULL, 10, 0, NULL, NULL, 'int(10) unsigned', '', '', 'select,insert,update,references', ''),
(NULL, 'C334953_elevation19', 'members', 'area', 16, NULL, 'NO', 'int', NULL, NULL, 10, 0, NULL, NULL, 'int(10) unsigned', '', '', 'select,insert,update,references', ''),
(NULL, 'C334953_elevation19', 'members_menu', 'id', 1, NULL, 'NO', 'int', NULL, NULL, 10, 0, NULL, NULL, 'int(11)', 'PRI', 'auto_increment', 'select,insert,update,references', ''),
(NULL, 'C334953_elevation19', 'members_menu', 'name', 2, '', 'NO', 'varchar', 30, 30, NULL, NULL, 'latin1', 'latin1_swedish_ci', 'varchar(30)', '', '', 'select,insert,update,references', ''),
(NULL, 'C334953_elevation19', 'members_menu', 'page_name', 3, NULL, 'NO', 'varchar', 100, 100, NULL, NULL, 'latin1', 'latin1_swedish_ci', 'varchar(100)', '', '', 'select,insert,update,references', ''),
(NULL, 'C334953_elevation19', 'members_menu', 'is_menu_group', 4, '0', 'NO', 'tinyint', NULL, NULL, 3, 0, NULL, NULL, 'tinyint(1)', 'MUL', '', 'select,insert,update,references', ''),
(NULL, 'C334953_elevation19', 'members_menu', 'is_removable', 5, '0', 'NO', 'tinyint', NULL, NULL, 3, 0, NULL, NULL, 'tinyint(1)', '', '', 'select,insert,update,references', ''),
(NULL, 'C334953_elevation19', 'members_menu', 'is_hidden', 6, '0', 'NO', 'tinyint', NULL, NULL, 3, 0, NULL, NULL, 'tinyint(1)', '', '', 'select,insert,update,references', ''),
(NULL, 'C334953_elevation19', 'members_menu', 'parent_id', 7, '0', 'NO', 'int', NULL, NULL, 10, 0, NULL, NULL, 'int(11)', 'MUL', '', 'select,insert,update,references', ''),
(NULL, 'C334953_elevation19', 'members_menu', 'order_index', 8, '0', 'NO', 'tinyint', NULL, NULL, 3, 0, NULL, NULL, 'tinyint(3)', '', '', 'select,insert,update,references', ''),
(NULL, 'C334953_elevation19', 'members_menu', 'icon', 9, NULL, 'YES', 'varchar', 30, 30, NULL, NULL, 'latin1', 'latin1_swedish_ci', 'varchar(30)', '', '', 'select,insert,update,references', ''),
(NULL, 'C334953_elevation19', 'members_menu', 'is_dashboard_icon', 10, '1', 'YES', 'tinyint', NULL, NULL, 3, 0, NULL, NULL, 'tinyint(1)', '', '', 'select,insert,update,references', ''),
(NULL, 'C334953_elevation19', 'members_menu', 'is_menu_item', 11, '1', 'NO', 'tinyint', NULL, NULL, 3, 0, NULL, NULL, 'tinyint(1)', '', '', 'select,insert,update,references', ''),
(NULL, 'C334953_elevation19', 'members_menu', 'file_type_id', 12, '2', 'NO', 'tinyint', NULL, NULL, 3, 0, NULL, NULL, 'tinyint(3)', '', '', 'select,insert,update,references', ''),
(NULL, 'C334953_elevation19', 'members_session', 'id', 1, NULL, 'NO', 'int', NULL, NULL, 10, 0, NULL, NULL, 'int(11)', 'PRI', 'auto_increment', 'select,insert,update,references', ''),
(NULL, 'C334953_elevation19', 'members_session', 'user_id', 2, NULL, 'NO', 'int', NULL, NULL, 10, 0, NULL, NULL, 'int(11)', '', '', 'select,insert,update,references', ''),
(NULL, 'C334953_elevation19', 'members_session', 'user', 3, NULL, 'NO', 'varchar', 30, 30, NULL, NULL, 'latin1', 'latin1_swedish_ci', 'varchar(30)', '', '', 'select,insert,update,references', ''),
(NULL, 'C334953_elevation19', 'members_session', 'session', 4, NULL, 'NO', 'varchar', 60, 60, NULL, NULL, 'latin1', 'latin1_swedish_ci', 'varchar(60)', '', '', 'select,insert,update,references', ''),
(NULL, 'C334953_elevation19', 'members_session', 'fecha', 5, NULL, 'NO', 'date', NULL, NULL, NULL, NULL, NULL, NULL, 'date', '', '', 'select,insert,update,references', ''),
(NULL, 'C334953_elevation19', 'members_session', 'hora_i', 6, NULL, 'NO', 'time', NULL, NULL, NULL, NULL, NULL, NULL, 'time', '', '', 'select,insert,update,references', ''),
(NULL, 'C334953_elevation19', 'members_session', 'hora_s', 7, NULL, 'NO', 'time', NULL, NULL, NULL, NULL, NULL, NULL, 'time', '', '', 'select,insert,update,references', ''),
(NULL, 'C334953_elevation19', 'members_session', 'ip', 8, NULL, 'NO', 'varchar', 18, 18, NULL, NULL, 'latin1', 'latin1_swedish_ci', 'varchar(18)', '', '', 'select,insert,update,references', ''),
(NULL, 'C334953_elevation19', 'members_session', 'online', 9, NULL, 'NO', 'tinyint', NULL, NULL, 3, 0, NULL, NULL, 'tinyint(4)', '', '', 'select,insert,update,references', '');

-- --------------------------------------------------------

--
-- Estructura de tabla para la tabla `COLUMN_PRIVILEGES`
--

CREATE TEMPORARY TABLE `COLUMN_PRIVILEGES` (
  `GRANTEE` varchar(81) NOT NULL DEFAULT '',
  `TABLE_CATALOG` varchar(512) DEFAULT NULL,
  `TABLE_SCHEMA` varchar(64) NOT NULL DEFAULT '',
  `TABLE_NAME` varchar(64) NOT NULL DEFAULT '',
  `COLUMN_NAME` varchar(64) NOT NULL DEFAULT '',
  `PRIVILEGE_TYPE` varchar(64) NOT NULL DEFAULT '',
  `IS_GRANTABLE` varchar(3) NOT NULL DEFAULT ''
) ENGINE=MEMORY DEFAULT CHARSET=utf8;

-- --------------------------------------------------------

--
-- Estructura de tabla para la tabla `ENGINES`
--

CREATE TEMPORARY TABLE `ENGINES` (
  `ENGINE` varchar(64) NOT NULL DEFAULT '',
  `SUPPORT` varchar(8) NOT NULL DEFAULT '',
  `COMMENT` varchar(80) NOT NULL DEFAULT '',
  `TRANSACTIONS` varchar(3) DEFAULT NULL,
  `XA` varchar(3) DEFAULT NULL,
  `SAVEPOINTS` varchar(3) DEFAULT NULL
) ENGINE=MEMORY DEFAULT CHARSET=utf8;

--
-- Volcado de datos para la tabla `ENGINES`
--

INSERT INTO `ENGINES` (`ENGINE`, `SUPPORT`, `COMMENT`, `TRANSACTIONS`, `XA`, `SAVEPOINTS`) VALUES
('InnoDB', 'YES', 'Supports transactions, row-level locking, and foreign keys', 'YES', 'YES', 'YES'),
('MRG_MYISAM', 'YES', 'Collection of identical MyISAM tables', 'NO', 'NO', 'NO'),
('BLACKHOLE', 'YES', '/dev/null storage engine (anything you write to it disappears)', 'NO', 'NO', 'NO'),
('CSV', 'YES', 'CSV storage engine', 'NO', 'NO', 'NO'),
('MEMORY', 'YES', 'Hash based, stored in memory, useful for temporary tables', 'NO', 'NO', 'NO'),
('FEDERATED', 'NO', 'Federated MySQL storage engine', NULL, NULL, NULL),
('ARCHIVE', 'YES', 'Archive storage engine', 'NO', 'NO', 'NO'),
('MyISAM', 'DEFAULT', 'Default engine as of MySQL 3.23 with great performance', 'NO', 'NO', 'NO');

-- --------------------------------------------------------

--
-- Estructura de tabla para la tabla `EVENTS`
--

CREATE TEMPORARY TABLE `EVENTS` (
  `EVENT_CATALOG` varchar(64) DEFAULT NULL,
  `EVENT_SCHEMA` varchar(64) NOT NULL DEFAULT '',
  `EVENT_NAME` varchar(64) NOT NULL DEFAULT '',
  `DEFINER` varchar(77) NOT NULL DEFAULT '',
  `TIME_ZONE` varchar(64) NOT NULL DEFAULT '',
  `EVENT_BODY` varchar(8) NOT NULL DEFAULT '',
  `EVENT_DEFINITION` longtext NOT NULL,
  `EVENT_TYPE` varchar(9) NOT NULL DEFAULT '',
  `EXECUTE_AT` datetime DEFAULT NULL,
  `INTERVAL_VALUE` varchar(256) DEFAULT NULL,
  `INTERVAL_FIELD` varchar(18) DEFAULT NULL,
  `SQL_MODE` varchar(8192) NOT NULL DEFAULT '',
  `STARTS` datetime DEFAULT NULL,
  `ENDS` datetime DEFAULT NULL,
  `STATUS` varchar(18) NOT NULL DEFAULT '',
  `ON_COMPLETION` varchar(12) NOT NULL DEFAULT '',
  `CREATED` datetime NOT NULL DEFAULT '0000-00-00 00:00:00',
  `LAST_ALTERED` datetime NOT NULL DEFAULT '0000-00-00 00:00:00',
  `LAST_EXECUTED` datetime DEFAULT NULL,
  `EVENT_COMMENT` varchar(64) NOT NULL DEFAULT '',
  `ORIGINATOR` bigint(10) NOT NULL DEFAULT '0',
  `CHARACTER_SET_CLIENT` varchar(32) NOT NULL DEFAULT '',
  `COLLATION_CONNECTION` varchar(32) NOT NULL DEFAULT '',
  `DATABASE_COLLATION` varchar(32) NOT NULL DEFAULT ''
) ENGINE=MyISAM DEFAULT CHARSET=utf8;

-- --------------------------------------------------------

--
-- Estructura de tabla para la tabla `FILES`
--

CREATE TEMPORARY TABLE `FILES` (
  `FILE_ID` bigint(4) NOT NULL DEFAULT '0',
  `FILE_NAME` varchar(64) DEFAULT NULL,
  `FILE_TYPE` varchar(20) NOT NULL DEFAULT '',
  `TABLESPACE_NAME` varchar(64) DEFAULT NULL,
  `TABLE_CATALOG` varchar(64) DEFAULT NULL,
  `TABLE_SCHEMA` varchar(64) DEFAULT NULL,
  `TABLE_NAME` varchar(64) DEFAULT NULL,
  `LOGFILE_GROUP_NAME` varchar(64) DEFAULT NULL,
  `LOGFILE_GROUP_NUMBER` bigint(4) DEFAULT NULL,
  `ENGINE` varchar(64) NOT NULL DEFAULT '',
  `FULLTEXT_KEYS` varchar(64) DEFAULT NULL,
  `DELETED_ROWS` bigint(4) DEFAULT NULL,
  `UPDATE_COUNT` bigint(4) DEFAULT NULL,
  `FREE_EXTENTS` bigint(4) DEFAULT NULL,
  `TOTAL_EXTENTS` bigint(4) DEFAULT NULL,
  `EXTENT_SIZE` bigint(4) NOT NULL DEFAULT '0',
  `INITIAL_SIZE` bigint(21) unsigned DEFAULT NULL,
  `MAXIMUM_SIZE` bigint(21) unsigned DEFAULT NULL,
  `AUTOEXTEND_SIZE` bigint(21) unsigned DEFAULT NULL,
  `CREATION_TIME` datetime DEFAULT NULL,
  `LAST_UPDATE_TIME` datetime DEFAULT NULL,
  `LAST_ACCESS_TIME` datetime DEFAULT NULL,
  `RECOVER_TIME` bigint(4) DEFAULT NULL,
  `TRANSACTION_COUNTER` bigint(4) DEFAULT NULL,
  `VERSION` bigint(21) unsigned DEFAULT NULL,
  `ROW_FORMAT` varchar(10) DEFAULT NULL,
  `TABLE_ROWS` bigint(21) unsigned DEFAULT NULL,
  `AVG_ROW_LENGTH` bigint(21) unsigned DEFAULT NULL,
  `DATA_LENGTH` bigint(21) unsigned DEFAULT NULL,
  `MAX_DATA_LENGTH` bigint(21) unsigned DEFAULT NULL,
  `INDEX_LENGTH` bigint(21) unsigned DEFAULT NULL,
  `DATA_FREE` bigint(21) unsigned DEFAULT NULL,
  `CREATE_TIME` datetime DEFAULT NULL,
  `UPDATE_TIME` datetime DEFAULT NULL,
  `CHECK_TIME` datetime DEFAULT NULL,
  `CHECKSUM` bigint(21) unsigned DEFAULT NULL,
  `STATUS` varchar(20) NOT NULL DEFAULT '',
  `EXTRA` varchar(255) DEFAULT NULL
) ENGINE=MEMORY DEFAULT CHARSET=utf8;

-- --------------------------------------------------------

--
-- Estructura de tabla para la tabla `GLOBAL_STATUS`
--

CREATE TEMPORARY TABLE `GLOBAL_STATUS` (
  `VARIABLE_NAME` varchar(64) NOT NULL DEFAULT '',
  `VARIABLE_VALUE` varchar(1024) DEFAULT NULL
) ENGINE=MEMORY DEFAULT CHARSET=utf8;

--
-- Volcado de datos para la tabla `GLOBAL_STATUS`
--

INSERT INTO `GLOBAL_STATUS` (`VARIABLE_NAME`, `VARIABLE_VALUE`) VALUES
('ABORTED_CLIENTS', '41576'),
('ABORTED_CONNECTS', '52816'),
('BINLOG_CACHE_DISK_USE', '0'),
('BINLOG_CACHE_USE', '0'),
('BYTES_RECEIVED', '83724777774'),
('BYTES_SENT', '2379273466730'),
('COM_ADMIN_COMMANDS', '2503865'),
('COM_ASSIGN_TO_KEYCACHE', '0'),
('COM_ALTER_DB', '10'),
('COM_ALTER_DB_UPGRADE', '0'),
('COM_ALTER_EVENT', '0'),
('COM_ALTER_FUNCTION', '0'),
('COM_ALTER_PROCEDURE', '0'),
('COM_ALTER_SERVER', '0'),
('COM_ALTER_TABLE', '129909'),
('COM_ALTER_TABLESPACE', '0'),
('COM_ANALYZE', '54'),
('COM_BACKUP_TABLE', '0'),
('COM_BEGIN', '11886'),
('COM_BINLOG', '0'),
('COM_CALL_PROCEDURE', '6561'),
('COM_CHANGE_DB', '38046918'),
('COM_CHANGE_MASTER', '0'),
('COM_CHECK', '92'),
('COM_CHECKSUM', '0'),
('COM_COMMIT', '34544'),
('COM_CREATE_DB', '349'),
('COM_CREATE_EVENT', '0'),
('COM_CREATE_FUNCTION', '0'),
('COM_CREATE_INDEX', '0'),
('COM_CREATE_PROCEDURE', '0'),
('COM_CREATE_SERVER', '0'),
('COM_CREATE_TABLE', '39062'),
('COM_CREATE_TRIGGER', '0'),
('COM_CREATE_UDF', '0'),
('COM_CREATE_USER', '0'),
('COM_CREATE_VIEW', '0'),
('COM_DEALLOC_SQL', '0'),
('COM_DELETE', '2932176'),
('COM_DELETE_MULTI', '418'),
('COM_DO', '0'),
('COM_DROP_DB', '77'),
('COM_DROP_EVENT', '0'),
('COM_DROP_FUNCTION', '0'),
('COM_DROP_INDEX', '0'),
('COM_DROP_PROCEDURE', '0'),
('COM_DROP_SERVER', '0'),
('COM_DROP_TABLE', '9712'),
('COM_DROP_TRIGGER', '0'),
('COM_DROP_USER', '0'),
('COM_DROP_VIEW', '0'),
('COM_EMPTY_QUERY', '11'),
('COM_EXECUTE_SQL', '0'),
('COM_FLUSH', '166172'),
('COM_GRANT', '800'),
('COM_HA_CLOSE', '0'),
('COM_HA_OPEN', '0'),
('COM_HA_READ', '0'),
('COM_HELP', '0'),
('COM_INSERT', '3811730'),
('COM_INSERT_SELECT', '33628'),
('COM_INSTALL_PLUGIN', '0'),
('COM_KILL', '1'),
('COM_LOAD', '13'),
('COM_LOAD_MASTER_DATA', '0'),
('COM_LOAD_MASTER_TABLE', '0'),
('COM_LOCK_TABLES', '1667'),
('COM_OPTIMIZE', '2008'),
('COM_PRELOAD_KEYS', '0'),
('COM_PREPARE_SQL', '0'),
('COM_PURGE', '0'),
('COM_PURGE_BEFORE_DATE', '0'),
('COM_RELEASE_SAVEPOINT', '2059'),
('COM_RENAME_TABLE', '61'),
('COM_RENAME_USER', '0'),
('COM_REPAIR', '118'),
('COM_REPLACE', '196622'),
('COM_REPLACE_SELECT', '245'),
('COM_RESET', '0'),
('COM_RESTORE_TABLE', '0'),
('COM_REVOKE', '120'),
('COM_REVOKE_ALL', '0'),
('COM_ROLLBACK', '1954'),
('COM_ROLLBACK_TO_SAVEPOINT', '0'),
('COM_SAVEPOINT', '2059'),
('COM_SELECT', '105654365'),
('COM_SET_OPTION', '42305562'),
('COM_SHOW_AUTHORS', '0'),
('COM_SHOW_BINLOG_EVENTS', '0'),
('COM_SHOW_BINLOGS', '611'),
('COM_SHOW_CHARSETS', '82'),
('COM_SHOW_COLLATIONS', '67'),
('COM_SHOW_COLUMN_TYPES', '0'),
('COM_SHOW_CONTRIBUTORS', '0'),
('COM_SHOW_CREATE_DB', '8'),
('COM_SHOW_CREATE_EVENT', '0'),
('COM_SHOW_CREATE_FUNC', '0'),
('COM_SHOW_CREATE_PROC', '0'),
('COM_SHOW_CREATE_TABLE', '74421'),
('COM_SHOW_CREATE_TRIGGER', '0'),
('COM_SHOW_DATABASES', '1694'),
('COM_SHOW_ENGINE_LOGS', '0'),
('COM_SHOW_ENGINE_MUTEX', '0'),
('COM_SHOW_ENGINE_STATUS', '0'),
('COM_SHOW_EVENTS', '0'),
('COM_SHOW_ERRORS', '0'),
('COM_SHOW_FIELDS', '1040547'),
('COM_SHOW_FUNCTION_STATUS', '267'),
('COM_SHOW_GRANTS', '285'),
('COM_SHOW_KEYS', '32377'),
('COM_SHOW_MASTER_STATUS', '655'),
('COM_SHOW_NEW_MASTER', '0'),
('COM_SHOW_OPEN_TABLES', '0'),
('COM_SHOW_PLUGINS', '178'),
('COM_SHOW_PRIVILEGES', '0'),
('COM_SHOW_PROCEDURE_STATUS', '267'),
('COM_SHOW_PROCESSLIST', '1'),
('COM_SHOW_PROFILE', '0'),
('COM_SHOW_PROFILES', '0'),
('COM_SHOW_SLAVE_HOSTS', '0'),
('COM_SHOW_SLAVE_STATUS', '655'),
('COM_SHOW_STATUS', '8208'),
('COM_SHOW_STORAGE_ENGINES', '67'),
('COM_SHOW_TABLE_STATUS', '187716'),
('COM_SHOW_TABLES', '297044'),
('COM_SHOW_TRIGGERS', '9522'),
('COM_SHOW_VARIABLES', '220785'),
('COM_SHOW_WARNINGS', '207'),
('COM_SLAVE_START', '0'),
('COM_SLAVE_STOP', '0'),
('COM_STMT_CLOSE', '14551'),
('COM_STMT_EXECUTE', '14551'),
('COM_STMT_FETCH', '0'),
('COM_STMT_PREPARE', '14551'),
('COM_STMT_REPREPARE', '0'),
('COM_STMT_RESET', '8759'),
('COM_STMT_SEND_LONG_DATA', '0'),
('COM_TRUNCATE', '5169'),
('COM_UNINSTALL_PLUGIN', '0'),
('COM_UNLOCK_TABLES', '1669'),
('COM_UPDATE', '10724787'),
('COM_UPDATE_MULTI', '846'),
('COM_XA_COMMIT', '0'),
('COM_XA_END', '0'),
('COM_XA_PREPARE', '0'),
('COM_XA_RECOVER', '0'),
('COM_XA_ROLLBACK', '0'),
('COM_XA_START', '0'),
('COMPRESSION', 'OFF'),
('CONNECTIONS', '12353464'),
('CREATED_TMP_DISK_TABLES', '8092583'),
('CREATED_TMP_FILES', '7896'),
('CREATED_TMP_TABLES', '13224125'),
('DELAYED_ERRORS', '0'),
('DELAYED_INSERT_THREADS', '0'),
('DELAYED_WRITES', '0'),
('FLUSH_COMMANDS', '1'),
('HANDLER_COMMIT', '3138064'),
('HANDLER_DELETE', '2476925'),
('HANDLER_DISCOVER', '0'),
('HANDLER_PREPARE', '0'),
('HANDLER_READ_FIRST', '14954607'),
('HANDLER_READ_KEY', '2370991495'),
('HANDLER_READ_NEXT', '6302626310'),
('HANDLER_READ_PREV', '618406857'),
('HANDLER_READ_RND', '661065907'),
('HANDLER_READ_RND_NEXT', '95972330104'),
('HANDLER_ROLLBACK', '614'),
('HANDLER_SAVEPOINT', '2052'),
('HANDLER_SAVEPOINT_ROLLBACK', '0'),
('HANDLER_UPDATE', '431922022'),
('HANDLER_WRITE', '1081032182'),
('INNODB_BUFFER_POOL_PAGES_DATA', '4041'),
('INNODB_BUFFER_POOL_PAGES_DIRTY', '0'),
('INNODB_BUFFER_POOL_PAGES_FLUSHED', '262730'),
('INNODB_BUFFER_POOL_PAGES_FREE', '0'),
('INNODB_BUFFER_POOL_PAGES_MISC', '55'),
('INNODB_BUFFER_POOL_PAGES_TOTAL', '4096'),
('INNODB_BUFFER_POOL_READ_AHEAD_RND', '2444347'),
('INNODB_BUFFER_POOL_READ_AHEAD_SEQ', '673904'),
('INNODB_BUFFER_POOL_READ_REQUESTS', '2770579390'),
('INNODB_BUFFER_POOL_READS', '27178339'),
('INNODB_BUFFER_POOL_WAIT_FREE', '0'),
('INNODB_BUFFER_POOL_WRITE_REQUESTS', '2729159'),
('INNODB_DATA_FSYNCS', '239797'),
('INNODB_DATA_PENDING_FSYNCS', '0'),
('INNODB_DATA_PENDING_READS', '0'),
('INNODB_DATA_PENDING_WRITES', '0'),
('INNODB_DATA_READ', '2791953403904'),
('INNODB_DATA_READS', '31059081'),
('INNODB_DATA_WRITES', '406117'),
('INNODB_DATA_WRITTEN', '9057505280'),
('INNODB_DBLWR_PAGES_WRITTEN', '262730'),
('INNODB_DBLWR_WRITES', '51297'),
('INNODB_LOG_WAITS', '0'),
('INNODB_LOG_WRITE_REQUESTS', '869470'),
('INNODB_LOG_WRITES', '91479'),
('INNODB_OS_LOG_FSYNCS', '137052'),
('INNODB_OS_LOG_PENDING_FSYNCS', '0'),
('INNODB_OS_LOG_PENDING_WRITES', '0'),
('INNODB_OS_LOG_WRITTEN', '424997888'),
('INNODB_PAGE_SIZE', '16384'),
('INNODB_PAGES_CREATED', '19751'),
('INNODB_PAGES_READ', '170407235'),
('INNODB_PAGES_WRITTEN', '262730'),
('INNODB_ROW_LOCK_CURRENT_WAITS', '0'),
('INNODB_ROW_LOCK_TIME', '112'),
('INNODB_ROW_LOCK_TIME_AVG', '4'),
('INNODB_ROW_LOCK_TIME_MAX', '54'),
('INNODB_ROW_LOCK_WAITS', '27'),
('INNODB_ROWS_DELETED', '23263'),
('INNODB_ROWS_INSERTED', '308956'),
('INNODB_ROWS_READ', '1878902945'),
('INNODB_ROWS_UPDATED', '190893'),
('KEY_BLOCKS_NOT_FLUSHED', '0'),
('KEY_BLOCKS_UNUSED', '68'),
('KEY_BLOCKS_USED', '265158'),
('KEY_READ_REQUESTS', '5783112994'),
('KEY_READS', '1894180'),
('KEY_WRITE_REQUESTS', '218508615'),
('KEY_WRITES', '26765946'),
('LAST_QUERY_COST', '0.000000'),
('MAX_USED_CONNECTIONS', '301'),
('NOT_FLUSHED_DELAYED_ROWS', '0'),
('OPEN_FILES', '30157'),
('OPEN_STREAMS', '0'),
('OPEN_TABLE_DEFINITIONS', '15038'),
('OPEN_TABLES', '16384'),
('OPENED_FILES', '34535494'),
('OPENED_TABLE_DEFINITIONS', '276978'),
('OPENED_TABLES', '304049'),
('PREPARED_STMT_COUNT', '0'),
('QCACHE_FREE_BLOCKS', '8391'),
('QCACHE_FREE_MEMORY', '26485800'),
('QCACHE_HITS', '352338651'),
('QCACHE_INSERTS', '90058960'),
('QCACHE_LOWMEM_PRUNES', '46086749'),
('QCACHE_NOT_CACHED', '16087105'),
('QCACHE_QUERIES_IN_CACHE', '33575'),
('QCACHE_TOTAL_BLOCKS', '82998'),
('QUERIES', '570686383'),
('QUESTIONS', '570641961'),
('RPL_STATUS', 'NULL'),
('SELECT_FULL_JOIN', '1272403'),
('SELECT_FULL_RANGE_JOIN', '6874'),
('SELECT_RANGE', '10964542'),
('SELECT_RANGE_CHECK', '732041'),
('SELECT_SCAN', '13045598'),
('SLAVE_OPEN_TEMP_TABLES', '0'),
('SLAVE_RETRIED_TRANSACTIONS', '0'),
('SLAVE_RUNNING', 'OFF'),
('SLOW_LAUNCH_THREADS', '0'),
('SLOW_QUERIES', '3730'),
('SORT_MERGE_PASSES', '4092'),
('SORT_RANGE', '6640859'),
('SORT_ROWS', '811224922'),
('SORT_SCAN', '11388625'),
('SSL_ACCEPT_RENEGOTIATES', '0'),
('SSL_ACCEPTS', '0'),
('SSL_CALLBACK_CACHE_HITS', '0'),
('SSL_CIPHER', ''),
('SSL_CIPHER_LIST', ''),
('SSL_CLIENT_CONNECTS', '0'),
('SSL_CONNECT_RENEGOTIATES', '0'),
('SSL_CTX_VERIFY_DEPTH', '0'),
('SSL_CTX_VERIFY_MODE', '0'),
('SSL_DEFAULT_TIMEOUT', '0'),
('SSL_FINISHED_ACCEPTS', '0'),
('SSL_FINISHED_CONNECTS', '0'),
('SSL_SESSION_CACHE_HITS', '0'),
('SSL_SESSION_CACHE_MISSES', '0'),
('SSL_SESSION_CACHE_MODE', 'NONE'),
('SSL_SESSION_CACHE_OVERFLOWS', '0'),
('SSL_SESSION_CACHE_SIZE', '0'),
('SSL_SESSION_CACHE_TIMEOUTS', '0'),
('SSL_SESSIONS_REUSED', '0'),
('SSL_USED_SESSION_CACHE_ENTRIES', '0'),
('SSL_VERIFY_DEPTH', '0'),
('SSL_VERIFY_MODE', '0'),
('SSL_VERSION', ''),
('TABLE_LOCKS_IMMEDIATE', '155329815'),
('TABLE_LOCKS_WAITED', '10522'),
('TC_LOG_MAX_PAGES_USED', '0'),
('TC_LOG_PAGE_SIZE', '0'),
('TC_LOG_PAGE_WAITS', '0'),
('THREADS_CACHED', '62'),
('THREADS_CONNECTED', '2'),
('THREADS_CREATED', '301'),
('THREADS_RUNNING', '1'),
('UPTIME', '4528047'),
('UPTIME_SINCE_FLUSH_STATUS', '4528047');

-- --------------------------------------------------------

--
-- Estructura de tabla para la tabla `GLOBAL_VARIABLES`
--

CREATE TEMPORARY TABLE `GLOBAL_VARIABLES` (
  `VARIABLE_NAME` varchar(64) NOT NULL DEFAULT '',
  `VARIABLE_VALUE` varchar(1024) DEFAULT NULL
) ENGINE=MEMORY DEFAULT CHARSET=utf8;

--
-- Volcado de datos para la tabla `GLOBAL_VARIABLES`
--

INSERT INTO `GLOBAL_VARIABLES` (`VARIABLE_NAME`, `VARIABLE_VALUE`) VALUES
('MAX_PREPARED_STMT_COUNT', '16382'),
('CHARACTER_SETS_DIR', '/usr/share/mysql/charsets/'),
('HAVE_CRYPT', 'YES'),
('CONNECT_TIMEOUT', '10'),
('MYISAM_REPAIR_THREADS', '1'),
('AUTOMATIC_SP_PRIVILEGES', 'ON'),
('MAX_BINLOG_SIZE', '1073741824'),
('BINLOG_CACHE_SIZE', '32768'),
('MAX_JOIN_SIZE', '18446744073709551615'),
('BACK_LOG', '50'),
('FT_MIN_WORD_LEN', '4'),
('HAVE_COMMUNITY_FEATURES', 'YES'),
('DELAYED_INSERT_TIMEOUT', '300'),
('MAX_HEAP_TABLE_SIZE', '67108864'),
('LOG_BIN_TRUST_ROUTINE_CREATORS', 'OFF'),
('CHARACTER_SET_CONNECTION', 'latin1'),
('TX_ISOLATION', 'REPEATABLE-READ'),
('CHARACTER_SET_RESULTS', 'latin1'),
('IDENTITY', '0'),
('LOWER_CASE_FILE_SYSTEM', 'OFF'),
('UPDATABLE_VIEWS_WITH_LIMIT', 'YES'),
('SQL_LOG_OFF', 'OFF'),
('SLOW_LAUNCH_TIME', '2'),
('QUERY_CACHE_TYPE', 'ON'),
('INNODB_LOCK_WAIT_TIMEOUT', '50'),
('COMPLETION_TYPE', '0'),
('RELAY_LOG_INDEX', ''),
('CHARACTER_SET_SERVER', 'latin1'),
('SQL_QUOTE_SHOW_CREATE', 'ON'),
('EVENT_SCHEDULER', 'OFF'),
('SQL_LOG_UPDATE', 'ON'),
('COLLATION_DATABASE', 'latin1_swedish_ci'),
('INNODB_USE_LEGACY_CARDINALITY_ALGORITHM', 'ON'),
('FT_MAX_WORD_LEN', '84'),
('LOCKED_IN_MEMORY', 'OFF'),
('CONCURRENT_INSERT', '1'),
('MYISAM_STATS_METHOD', 'nulls_unequal'),
('MAX_BINLOG_CACHE_SIZE', '18446744073709547520'),
('REPORT_HOST', ''),
('INIT_SLAVE', ''),
('SSL_KEY', ''),
('FLUSH', 'OFF'),
('SYSTEM_TIME_ZONE', 'EDT'),
('DELAYED_INSERT_LIMIT', '100'),
('SLAVE_SKIP_ERRORS', 'OFF'),
('FT_QUERY_EXPANSION_LIMIT', '20'),
('INSERT_ID', '0'),
('SQL_LOW_PRIORITY_UPDATES', 'ON'),
('RELAY_LOG_PURGE', 'ON'),
('PSEUDO_THREAD_ID', '0'),
('SKIP_SHOW_DATABASE', 'OFF'),
('NET_RETRY_COUNT', '10'),
('GROUP_CONCAT_MAX_LEN', '1024'),
('JOIN_BUFFER_SIZE', '16777216'),
('INNODB_LOG_BUFFER_SIZE', '8388608'),
('MAX_ERROR_COUNT', '64'),
('TABLE_DEFINITION_CACHE', '256'),
('QUERY_CACHE_LIMIT', '262144'),
('INNODB_MAX_PURGE_LAG', '0'),
('DELAYED_QUEUE_SIZE', '1000'),
('TRANSACTION_PREALLOC_SIZE', '4096'),
('INTERACTIVE_TIMEOUT', '28800'),
('VERSION_COMPILE_OS', 'unknown-linux-gnu'),
('SOCKET', '/var/lib/mysql/mysql.sock'),
('SQL_NOTES', 'ON'),
('LARGE_PAGES', 'OFF'),
('LOW_PRIORITY_UPDATES', 'ON'),
('AUTO_INCREMENT_OFFSET', '1'),
('REPORT_PASSWORD', ''),
('MAX_CONNECT_ERRORS', '500000'),
('MAX_INSERT_DELAYED_THREADS', '20'),
('SLOW_QUERY_LOG', 'ON'),
('HAVE_COMPRESS', 'YES'),
('MAX_CONNECTIONS', '300'),
('TRANSACTION_ALLOC_BLOCK_SIZE', '8192'),
('BASEDIR', '/'),
('THREAD_CACHE_SIZE', '64'),
('QUERY_CACHE_SIZE', '134217728'),
('INNODB_DOUBLEWRITE', 'ON'),
('LANGUAGE', '/usr/share/mysql/english/'),
('LARGE_FILES_SUPPORT', 'ON'),
('RANGE_ALLOC_BLOCK_SIZE', '4096'),
('DEFAULT_WEEK_FORMAT', '0'),
('LOWER_CASE_TABLE_NAMES', '0'),
('LOG_OUTPUT', 'FILE'),
('LOG_WARNINGS', '1'),
('FLUSH_TIME', '0'),
('KEY_CACHE_AGE_THRESHOLD', '300'),
('PROTOCOL_VERSION', '10'),
('COLLATION_SERVER', 'latin1_swedish_ci'),
('HAVE_SYMLINK', 'YES'),
('MYISAM_MAX_SORT_FILE_SIZE', '9223372036853727232'),
('TIME_ZONE', 'SYSTEM'),
('FT_BOOLEAN_SYNTAX', '+ -><()~*:""&|'),
('INNODB_TABLE_LOCKS', 'ON'),
('LOG_QUERIES_NOT_USING_INDEXES', 'OFF'),
('INNODB_AUTOEXTEND_INCREMENT', '8'),
('NET_BUFFER_LENGTH', '16384'),
('MYISAM_DATA_POINTER_SIZE', '6'),
('FT_STOPWORD_FILE', '(built-in)'),
('INNODB_THREAD_SLEEP_DELAY', '10000'),
('DELAY_KEY_WRITE', 'ON'),
('SQL_AUTO_IS_NULL', 'ON'),
('ENGINE_CONDITION_PUSHDOWN', 'ON'),
('SLAVE_TRANSACTION_RETRIES', '10'),
('LONG_QUERY_TIME', '4.000000'),
('REPORT_USER', ''),
('BULK_INSERT_BUFFER_SIZE', '8388608'),
('GENERAL_LOG', 'OFF'),
('KEEP_FILES_ON_CREATE', 'OFF'),
('TABLE_TYPE', 'MyISAM'),
('MYISAM_USE_MMAP', 'OFF'),
('QUERY_CACHE_MIN_RES_UNIT', '4096'),
('READ_BUFFER_SIZE', '262144'),
('INNODB_STATS_ON_METADATA', 'ON'),
('INIT_FILE', ''),
('INNODB_ROLLBACK_ON_TIMEOUT', 'OFF'),
('CHARACTER_SET_FILESYSTEM', 'binary'),
('PROFILING_HISTORY_SIZE', '15'),
('LC_TIME_NAMES', 'en_US'),
('INNODB_ADDITIONAL_MEM_POOL_SIZE', '8388608'),
('LOG_ERROR', '/var/log/mysql/error.log'),
('READ_RND_BUFFER_SIZE', '2097152'),
('BINLOG_DIRECT_NON_TRANSACTIONAL_UPDATES', 'OFF'),
('SECURE_AUTH', 'OFF'),
('LARGE_PAGE_SIZE', '0'),
('BIG_TABLES', 'OFF'),
('MAX_SP_RECURSION_DEPTH', '0'),
('SQL_SELECT_LIMIT', '18446744073709551615'),
('OLD_PASSWORDS', 'ON'),
('DATE_FORMAT', '%Y-%m-%d'),
('QUERY_PREALLOC_SIZE', '8192'),
('READ_ONLY', 'OFF'),
('MULTI_RANGE_COUNT', '256'),
('RAND_SEED1', ''),
('MAX_SEEKS_FOR_KEY', '18446744073709551615'),
('INNODB_DATA_FILE_PATH', 'ibdata1:10M:autoextend'),
('MYISAM_RECOVER_OPTIONS', 'OFF'),
('SLOW_QUERY_LOG_FILE', '/var/log/mysql/slowquery.log'),
('HAVE_SSL', 'DISABLED'),
('PROFILING', 'OFF'),
('NET_WRITE_TIMEOUT', '60'),
('SQL_WARNINGS', 'OFF'),
('THREAD_STACK', '262144'),
('KEY_CACHE_DIVISION_LIMIT', '100'),
('OPEN_FILES_LIMIT', '65536'),
('GENERAL_LOG_FILE', '/var/run/mysqld/mysqld.log'),
('SKIP_NAME_RESOLVE', 'ON'),
('SSL_CERT', ''),
('SQL_BIG_TABLES', 'OFF'),
('AUTO_INCREMENT_INCREMENT', '1'),
('PID_FILE', '/var/run/mysqld/mysqld.pid'),
('TMPDIR', '/tmp'),
('CHARACTER_SET_DATABASE', 'latin1'),
('EXPIRE_LOGS_DAYS', '0'),
('MIN_EXAMINED_ROW_LIMIT', '0'),
('HAVE_PARTITIONING', 'YES'),
('MAX_SORT_LENGTH', '1024'),
('FOREIGN_KEY_CHECKS', 'ON'),
('SSL_CAPATH', ''),
('RELAY_LOG_INFO_FILE', 'relay-log.info'),
('VERSION_COMMENT', 'MySQL Community Server (GPL)'),
('INNODB_AUTOINC_LOCK_MODE', '1'),
('OPTIMIZER_SWITCH', 'index_merge=on,index_merge_union=on,index_merge_sort_union=on,index_merge_intersection=on'),
('INNODB_COMMIT_CONCURRENCY', '0'),
('OPTIMIZER_PRUNE_LEVEL', '1'),
('INNODB_MIRRORED_LOG_GROUPS', '1'),
('QUERY_CACHE_WLOCK_INVALIDATE', 'OFF'),
('UNIQUE_CHECKS', 'ON'),
('MAX_WRITE_LOCK_COUNT', '18446744073709551615'),
('VERSION', '5.1.51-community-log'),
('TIMED_MUTEXES', 'OFF'),
('INNODB_SUPPORT_XA', 'ON'),
('THREAD_HANDLING', 'one-thread-per-connection'),
('INNODB_SYNC_SPIN_LOOPS', '20'),
('LOG_SLOW_QUERIES', 'ON'),
('COLLATION_CONNECTION', 'latin1_swedish_ci'),
('SERVER_ID', '0'),
('HAVE_QUERY_CACHE', 'YES'),
('SKIP_NETWORKING', 'OFF'),
('INNODB_ADAPTIVE_HASH_INDEX', 'ON'),
('CHARACTER_SET_SYSTEM', 'utf8'),
('VERSION_COMPILE_MACHINE', 'x86_64'),
('INIT_CONNECT', ''),
('DIV_PRECISION_INCREMENT', '4'),
('OPTIMIZER_SEARCH_DEPTH', '62'),
('DATADIR', '/var/lib/mysql/'),
('AUTOCOMMIT', 'ON'),
('INNODB_DATA_HOME_DIR', ''),
('SSL_CIPHER', ''),
('MYISAM_SORT_BUFFER_SIZE', '67108864'),
('RPL_RECOVERY_RANK', '0'),
('SQL_SLAVE_SKIP_COUNTER', ''),
('TMP_TABLE_SIZE', '67108864'),
('TIME_FORMAT', '%H:%i:%s'),
('TABLE_LOCK_WAIT_TIMEOUT', '50'),
('INNODB_FORCE_RECOVERY', '0'),
('MAX_LENGTH_FOR_SORT_DATA', '1024'),
('INNODB_LOG_FILES_IN_GROUP', '2'),
('HOSTNAME', 'mysql1107.opentransfer.com'),
('ERROR_COUNT', '0'),
('LAST_INSERT_ID', '0'),
('HAVE_DYNAMIC_LOADING', 'YES'),
('LOG_BIN', 'OFF'),
('SYNC_BINLOG', '0'),
('SQL_MODE', ''),
('RELAY_LOG_SPACE_LIMIT', '0'),
('MAX_USER_CONNECTIONS', '40'),
('INNODB_OPEN_FILES', '300'),
('SLAVE_EXEC_MODE', 'STRICT'),
('OLD', 'OFF'),
('SQL_MAX_JOIN_SIZE', '18446744073709551615'),
('INNODB_MAX_DIRTY_PAGES_PCT', '90'),
('NEW', 'OFF'),
('TABLE_OPEN_CACHE', '16384'),
('SECURE_FILE_PRIV', ''),
('KEY_BUFFER_SIZE', '335544320'),
('REPORT_PORT', '3306'),
('HAVE_NDBCLUSTER', 'NO'),
('LOG', 'OFF'),
('SQL_BUFFER_RESULT', 'OFF'),
('KEY_CACHE_BLOCK_SIZE', '1024'),
('INNODB_LOG_GROUP_HOME_DIR', './'),
('SQL_LOG_BIN', 'ON'),
('INNODB_FAST_SHUTDOWN', '1'),
('MAX_RELAY_LOG_SIZE', '0'),
('SSL_CA', ''),
('HAVE_CSV', 'YES'),
('INNODB_THREAD_CONCURRENCY', '8'),
('SQL_SAFE_UPDATES', 'OFF'),
('SLAVE_NET_TIMEOUT', '3600'),
('PRELOAD_BUFFER_SIZE', '32768'),
('INNODB_BUFFER_POOL_SIZE', '67108864'),
('SLAVE_COMPRESSED_PROTOCOL', 'OFF'),
('LOCAL_INFILE', 'ON'),
('HAVE_GEOMETRY', 'YES'),
('HAVE_RTREE_KEYS', 'YES'),
('SQL_BIG_SELECTS', 'ON'),
('BINLOG_FORMAT', 'STATEMENT'),
('RELAY_LOG', ''),
('OLD_ALTER_TABLE', 'OFF'),
('PLUGIN_DIR', '/usr/lib64/mysql/plugin'),
('MYISAM_MMAP_SIZE', '18446744073709551615'),
('IGNORE_BUILTIN_INNODB', 'OFF'),
('MAX_TMP_TABLES', '32'),
('NET_READ_TIMEOUT', '30'),
('TIMESTAMP', '1349193601'),
('SYNC_FRM', 'ON'),
('MAX_DELAYED_THREADS', '20'),
('INNODB_FLUSH_METHOD', ''),
('DATETIME_FORMAT', '%Y-%m-%d %H:%i:%s'),
('WARNING_COUNT', '0'),
('INNODB_FLUSH_LOG_AT_TRX_COMMIT', '0'),
('MAX_ALLOWED_PACKET', '134217728'),
('INNODB_FILE_IO_THREADS', '4'),
('QUERY_ALLOC_BLOCK_SIZE', '8192'),
('LICENSE', 'GPL'),
('INNODB_CHECKSUMS', 'ON'),
('STORAGE_ENGINE', 'MyISAM'),
('INNODB_LOCKS_UNSAFE_FOR_BINLOG', 'OFF'),
('PORT', '3306'),
('INNODB_LOG_FILE_SIZE', '5242880'),
('INNODB_CONCURRENCY_TICKETS', '500'),
('LOG_SLAVE_UPDATES', 'OFF'),
('LOG_BIN_TRUST_FUNCTION_CREATORS', 'OFF'),
('SORT_BUFFER_SIZE', '2097152'),
('WAIT_TIMEOUT', '1800'),
('INNODB_FILE_PER_TABLE', 'OFF'),
('HAVE_OPENSSL', 'DISABLED'),
('CHARACTER_SET_CLIENT', 'latin1'),
('RAND_SEED2', ''),
('SKIP_EXTERNAL_LOCKING', 'ON'),
('HAVE_INNODB', 'YES'),
('SLAVE_LOAD_TMPDIR', '/tmp');

-- --------------------------------------------------------

--
-- Estructura de tabla para la tabla `KEY_COLUMN_USAGE`
--

CREATE TEMPORARY TABLE `KEY_COLUMN_USAGE` (
  `CONSTRAINT_CATALOG` varchar(512) DEFAULT NULL,
  `CONSTRAINT_SCHEMA` varchar(64) NOT NULL DEFAULT '',
  `CONSTRAINT_NAME` varchar(64) NOT NULL DEFAULT '',
  `TABLE_CATALOG` varchar(512) DEFAULT NULL,
  `TABLE_SCHEMA` varchar(64) NOT NULL DEFAULT '',
  `TABLE_NAME` varchar(64) NOT NULL DEFAULT '',
  `COLUMN_NAME` varchar(64) NOT NULL DEFAULT '',
  `ORDINAL_POSITION` bigint(10) NOT NULL DEFAULT '0',
  `POSITION_IN_UNIQUE_CONSTRAINT` bigint(10) DEFAULT NULL,
  `REFERENCED_TABLE_SCHEMA` varchar(64) DEFAULT NULL,
  `REFERENCED_TABLE_NAME` varchar(64) DEFAULT NULL,
  `REFERENCED_COLUMN_NAME` varchar(64) DEFAULT NULL
) ENGINE=MEMORY DEFAULT CHARSET=utf8;

--
-- Volcado de datos para la tabla `KEY_COLUMN_USAGE`
--

INSERT INTO `KEY_COLUMN_USAGE` (`CONSTRAINT_CATALOG`, `CONSTRAINT_SCHEMA`, `CONSTRAINT_NAME`, `TABLE_CATALOG`, `TABLE_SCHEMA`, `TABLE_NAME`, `COLUMN_NAME`, `ORDINAL_POSITION`, `POSITION_IN_UNIQUE_CONSTRAINT`, `REFERENCED_TABLE_SCHEMA`, `REFERENCED_TABLE_NAME`, `REFERENCED_COLUMN_NAME`) VALUES
(NULL, 'C334953_elevation19', 'PRIMARY', NULL, 'C334953_elevation19', 'el_area', 'id_area', 1, NULL, NULL, NULL, NULL),
(NULL, 'C334953_elevation19', 'PRIMARY', NULL, 'C334953_elevation19', 'el_categorias', 'id_categoria', 1, NULL, NULL, NULL, NULL),
(NULL, 'C334953_elevation19', 'PRIMARY', NULL, 'C334953_elevation19', 'el_ciudades', 'id_ciudad', 1, NULL, NULL, NULL, NULL),
(NULL, 'C334953_elevation19', 'PRIMARY', NULL, 'C334953_elevation19', 'el_comments', 'p_id', 1, NULL, NULL, NULL, NULL),
(NULL, 'C334953_elevation19', 'PRIMARY', NULL, 'C334953_elevation19', 'el_comments_post', 'c_id', 1, NULL, NULL, NULL, NULL),
(NULL, 'C334953_elevation19', 'PRIMARY', NULL, 'C334953_elevation19', 'el_cupones', 'id', 1, NULL, NULL, NULL, NULL),
(NULL, 'C334953_elevation19', 'PRIMARY', NULL, 'C334953_elevation19', 'el_cupones_usuarios', 'id_cupon_usuario', 1, NULL, NULL, NULL, NULL),
(NULL, 'C334953_elevation19', 'PRIMARY', NULL, 'C334953_elevation19', 'el_empresas', 'id_empresa', 1, NULL, NULL, NULL, NULL),
(NULL, 'C334953_elevation19', 'PRIMARY', NULL, 'C334953_elevation19', 'el_usuarios', 'id_usuario', 1, NULL, NULL, NULL, NULL),
(NULL, 'C334953_elevation19', 'PRIMARY', NULL, 'C334953_elevation19', 'members', 'member_id', 1, NULL, NULL, NULL, NULL),
(NULL, 'C334953_elevation19', 'PRIMARY', NULL, 'C334953_elevation19', 'members_menu', 'id', 1, NULL, NULL, NULL, NULL),
(NULL, 'C334953_elevation19', 'PRIMARY', NULL, 'C334953_elevation19', 'members_session', 'id', 1, NULL, NULL, NULL, NULL);

-- --------------------------------------------------------

--
-- Estructura de tabla para la tabla `PARTITIONS`
--

CREATE TEMPORARY TABLE `PARTITIONS` (
  `TABLE_CATALOG` varchar(512) DEFAULT NULL,
  `TABLE_SCHEMA` varchar(64) NOT NULL DEFAULT '',
  `TABLE_NAME` varchar(64) NOT NULL DEFAULT '',
  `PARTITION_NAME` varchar(64) DEFAULT NULL,
  `SUBPARTITION_NAME` varchar(64) DEFAULT NULL,
  `PARTITION_ORDINAL_POSITION` bigint(21) unsigned DEFAULT NULL,
  `SUBPARTITION_ORDINAL_POSITION` bigint(21) unsigned DEFAULT NULL,
  `PARTITION_METHOD` varchar(12) DEFAULT NULL,
  `SUBPARTITION_METHOD` varchar(12) DEFAULT NULL,
  `PARTITION_EXPRESSION` longtext,
  `SUBPARTITION_EXPRESSION` longtext,
  `PARTITION_DESCRIPTION` longtext,
  `TABLE_ROWS` bigint(21) unsigned NOT NULL DEFAULT '0',
  `AVG_ROW_LENGTH` bigint(21) unsigned NOT NULL DEFAULT '0',
  `DATA_LENGTH` bigint(21) unsigned NOT NULL DEFAULT '0',
  `MAX_DATA_LENGTH` bigint(21) unsigned DEFAULT NULL,
  `INDEX_LENGTH` bigint(21) unsigned NOT NULL DEFAULT '0',
  `DATA_FREE` bigint(21) unsigned NOT NULL DEFAULT '0',
  `CREATE_TIME` datetime DEFAULT NULL,
  `UPDATE_TIME` datetime DEFAULT NULL,
  `CHECK_TIME` datetime DEFAULT NULL,
  `CHECKSUM` bigint(21) unsigned DEFAULT NULL,
  `PARTITION_COMMENT` varchar(80) NOT NULL DEFAULT '',
  `NODEGROUP` varchar(12) NOT NULL DEFAULT '',
  `TABLESPACE_NAME` varchar(64) DEFAULT NULL
) ENGINE=MyISAM DEFAULT CHARSET=utf8;

--
-- Volcado de datos para la tabla `PARTITIONS`
--

INSERT INTO `PARTITIONS` (`TABLE_CATALOG`, `TABLE_SCHEMA`, `TABLE_NAME`, `PARTITION_NAME`, `SUBPARTITION_NAME`, `PARTITION_ORDINAL_POSITION`, `SUBPARTITION_ORDINAL_POSITION`, `PARTITION_METHOD`, `SUBPARTITION_METHOD`, `PARTITION_EXPRESSION`, `SUBPARTITION_EXPRESSION`, `PARTITION_DESCRIPTION`, `TABLE_ROWS`, `AVG_ROW_LENGTH`, `DATA_LENGTH`, `MAX_DATA_LENGTH`, `INDEX_LENGTH`, `DATA_FREE`, `CREATE_TIME`, `UPDATE_TIME`, `CHECK_TIME`, `CHECKSUM`, `PARTITION_COMMENT`, `NODEGROUP`, `TABLESPACE_NAME`) VALUES
(NULL, 'information_schema', 'CHARACTER_SETS', NULL, NULL, NULL, NULL, NULL, NULL, NULL, NULL, NULL, 0, 384, 0, 65739264, 0, 0, NULL, NULL, NULL, NULL, '', '', NULL),
(NULL, 'information_schema', 'COLLATIONS', NULL, NULL, NULL, NULL, NULL, NULL, NULL, NULL, NULL, 0, 231, 0, 66819522, 0, 0, NULL, NULL, NULL, NULL, '', '', NULL),
(NULL, 'information_schema', 'COLLATION_CHARACTER_SET_APPLICABILITY', NULL, NULL, NULL, NULL, NULL, NULL, NULL, NULL, NULL, 0, 195, 0, 65431080, 0, 0, NULL, NULL, NULL, NULL, '', '', NULL),
(NULL, 'information_schema', 'COLUMNS', NULL, NULL, NULL, NULL, NULL, NULL, NULL, NULL, NULL, 0, 0, 0, 281474976710655, 1024, 0, '2012-10-02 16:00:01', '2012-10-02 16:00:01', NULL, NULL, '', '', NULL),
(NULL, 'information_schema', 'COLUMN_PRIVILEGES', NULL, NULL, NULL, NULL, NULL, NULL, NULL, NULL, NULL, 0, 2565, 0, 67028580, 0, 0, NULL, NULL, NULL, NULL, '', '', NULL),
(NULL, 'information_schema', 'ENGINES', NULL, NULL, NULL, NULL, NULL, NULL, NULL, NULL, NULL, 0, 490, 0, 66297000, 0, 0, NULL, NULL, NULL, NULL, '', '', NULL),
(NULL, 'information_schema', 'EVENTS', NULL, NULL, NULL, NULL, NULL, NULL, NULL, NULL, NULL, 0, 0, 0, 281474976710655, 1024, 0, '2012-10-02 16:00:01', '2012-10-02 16:00:01', NULL, NULL, '', '', NULL),
(NULL, 'information_schema', 'FILES', NULL, NULL, NULL, NULL, NULL, NULL, NULL, NULL, NULL, 0, 2677, 0, 67032080, 0, 0, NULL, NULL, NULL, NULL, '', '', NULL),
(NULL, 'information_schema', 'GLOBAL_STATUS', NULL, NULL, NULL, NULL, NULL, NULL, NULL, NULL, NULL, 0, 3268, 0, 67026680, 0, 0, NULL, NULL, NULL, NULL, '', '', NULL),
(NULL, 'information_schema', 'GLOBAL_VARIABLES', NULL, NULL, NULL, NULL, NULL, NULL, NULL, NULL, NULL, 0, 3268, 0, 67026680, 0, 0, NULL, NULL, NULL, NULL, '', '', NULL),
(NULL, 'information_schema', 'KEY_COLUMN_USAGE', NULL, NULL, NULL, NULL, NULL, NULL, NULL, NULL, NULL, 0, 4637, 0, 67064931, 0, 0, NULL, NULL, NULL, NULL, '', '', NULL),
(NULL, 'information_schema', 'PARTITIONS', NULL, NULL, NULL, NULL, NULL, NULL, NULL, NULL, NULL, 0, 0, 0, 281474976710655, 1024, 0, '2012-10-02 16:00:01', '2012-10-02 16:00:01', NULL, NULL, '', '', NULL),
(NULL, 'information_schema', 'PLUGINS', NULL, NULL, NULL, NULL, NULL, NULL, NULL, NULL, NULL, 0, 0, 0, 281474976710655, 1024, 0, '2012-10-02 16:00:01', '2012-10-02 16:00:01', NULL, NULL, '', '', NULL),
(NULL, 'information_schema', 'PROCESSLIST', NULL, NULL, NULL, NULL, NULL, NULL, NULL, NULL, NULL, 0, 0, 0, 281474976710655, 1024, 0, '2012-10-02 16:00:01', '2012-10-02 16:00:01', NULL, NULL, '', '', NULL),
(NULL, 'information_schema', 'PROFILING', NULL, NULL, NULL, NULL, NULL, NULL, NULL, NULL, NULL, 0, 308, 0, 66248336, 0, 0, NULL, NULL, NULL, NULL, '', '', NULL),
(NULL, 'information_schema', 'REFERENTIAL_CONSTRAINTS', NULL, NULL, NULL, NULL, NULL, NULL, NULL, NULL, NULL, 0, 4814, 0, 67078276, 0, 0, NULL, NULL, NULL, NULL, '', '', NULL),
(NULL, 'information_schema', 'ROUTINES', NULL, NULL, NULL, NULL, NULL, NULL, NULL, NULL, NULL, 0, 0, 0, 281474976710655, 1024, 0, '2012-10-02 16:00:01', '2012-10-02 16:00:01', NULL, NULL, '', '', NULL),
(NULL, 'information_schema', 'SCHEMATA', NULL, NULL, NULL, NULL, NULL, NULL, NULL, NULL, NULL, 0, 3464, 0, 66952192, 0, 0, NULL, NULL, NULL, NULL, '', '', NULL),
(NULL, 'information_schema', 'SCHEMA_PRIVILEGES', NULL, NULL, NULL, NULL, NULL, NULL, NULL, NULL, NULL, 0, 2179, 0, 66954133, 0, 0, NULL, NULL, NULL, NULL, '', '', NULL),
(NULL, 'information_schema', 'SESSION_STATUS', NULL, NULL, NULL, NULL, NULL, NULL, NULL, NULL, NULL, 0, 3268, 0, 67026680, 0, 0, NULL, NULL, NULL, NULL, '', '', NULL),
(NULL, 'information_schema', 'SESSION_VARIABLES', NULL, NULL, NULL, NULL, NULL, NULL, NULL, NULL, NULL, 0, 3268, 0, 67026680, 0, 0, NULL, NULL, NULL, NULL, '', '', NULL),
(NULL, 'information_schema', 'STATISTICS', NULL, NULL, NULL, NULL, NULL, NULL, NULL, NULL, NULL, 0, 2679, 0, 67082160, 0, 0, NULL, NULL, NULL, NULL, '', '', NULL),
(NULL, 'information_schema', 'TABLES', NULL, NULL, NULL, NULL, NULL, NULL, NULL, NULL, NULL, 0, 3545, 0, 66975685, 0, 0, NULL, NULL, NULL, NULL, '', '', NULL),
(NULL, 'information_schema', 'TABLE_CONSTRAINTS', NULL, NULL, NULL, NULL, NULL, NULL, NULL, NULL, NULL, 0, 2504, 0, 66894360, 0, 0, NULL, NULL, NULL, NULL, '', '', NULL),
(NULL, 'information_schema', 'TABLE_PRIVILEGES', NULL, NULL, NULL, NULL, NULL, NULL, NULL, NULL, NULL, 0, 2372, 0, 66994768, 0, 0, NULL, NULL, NULL, NULL, '', '', NULL),
(NULL, 'information_schema', 'TRIGGERS', NULL, NULL, NULL, NULL, NULL, NULL, NULL, NULL, NULL, 0, 0, 0, 281474976710655, 1024, 0, '2012-10-02 16:00:01', '2012-10-02 16:00:01', NULL, NULL, '', '', NULL),
(NULL, 'information_schema', 'USER_PRIVILEGES', NULL, NULL, NULL, NULL, NULL, NULL, NULL, NULL, NULL, 0, 1986, 0, 66906354, 0, 0, NULL, NULL, NULL, NULL, '', '', NULL),
(NULL, 'information_schema', 'VIEWS', NULL, NULL, NULL, NULL, NULL, NULL, NULL, NULL, NULL, 0, 0, 0, 281474976710655, 1024, 0, '2012-10-02 16:00:01', '2012-10-02 16:00:01', NULL, NULL, '', '', NULL),
(NULL, 'C334953_elevation19', 'el_area', NULL, NULL, NULL, NULL, NULL, NULL, NULL, NULL, NULL, 1, 16384, 16384, NULL, 0, 1632632832, '2012-08-20 14:47:50', NULL, NULL, NULL, '', '', NULL),
(NULL, 'C334953_elevation19', 'el_categorias', NULL, NULL, NULL, NULL, NULL, NULL, NULL, NULL, NULL, 1, 16384, 16384, NULL, 0, 1632632832, '2012-08-10 14:53:28', NULL, NULL, NULL, '', '', NULL),
(NULL, 'C334953_elevation19', 'el_ciudades', NULL, NULL, NULL, NULL, NULL, NULL, NULL, NULL, NULL, 2, 8192, 16384, NULL, 0, 1632632832, '2012-08-10 14:53:28', NULL, NULL, NULL, '', '', NULL),
(NULL, 'C334953_elevation19', 'el_comments', NULL, NULL, NULL, NULL, NULL, NULL, NULL, NULL, NULL, 16, 1024, 16384, NULL, 0, 1632632832, '2012-08-20 14:49:15', NULL, NULL, NULL, '', '', NULL),
(NULL, 'C334953_elevation19', 'el_comments_post', NULL, NULL, NULL, NULL, NULL, NULL, NULL, NULL, NULL, 0, 0, 16384, NULL, 0, 1632632832, '2012-08-10 14:53:28', NULL, NULL, NULL, '', '', NULL),
(NULL, 'C334953_elevation19', 'el_cupones', NULL, NULL, NULL, NULL, NULL, NULL, NULL, NULL, NULL, 5, 3276, 16384, NULL, 0, 1632632832, '2012-08-26 01:48:55', NULL, NULL, NULL, '', '', NULL),
(NULL, 'C334953_elevation19', 'el_cupones_usuarios', NULL, NULL, NULL, NULL, NULL, NULL, NULL, NULL, NULL, 7, 2340, 16384, NULL, 0, 1632632832, '2012-08-26 01:27:21', NULL, NULL, NULL, '', '', NULL),
(NULL, 'C334953_elevation19', 'el_empresas', NULL, NULL, NULL, NULL, NULL, NULL, NULL, NULL, NULL, 1, 16384, 16384, NULL, 0, 1632632832, '2012-08-10 14:53:28', NULL, NULL, NULL, '', '', NULL),
(NULL, 'C334953_elevation19', 'el_usuarios', NULL, NULL, NULL, NULL, NULL, NULL, NULL, NULL, NULL, 22, 744, 16384, NULL, 0, 1632632832, '2012-08-10 14:53:28', NULL, NULL, NULL, '', '', NULL),
(NULL, 'C334953_elevation19', 'members', NULL, NULL, NULL, NULL, NULL, NULL, NULL, NULL, NULL, 27, 76, 2076, 281474976710655, 2048, 0, '2012-08-10 14:53:28', '2012-08-10 14:53:28', NULL, NULL, '', '', NULL),
(NULL, 'C334953_elevation19', 'members_menu', NULL, NULL, NULL, NULL, NULL, NULL, NULL, NULL, NULL, 7, 58, 408, 281474976710655, 4096, 0, '2012-08-10 14:53:28', '2012-08-10 14:53:28', NULL, NULL, '', '', NULL),
(NULL, 'C334953_elevation19', 'members_session', NULL, NULL, NULL, NULL, NULL, NULL, NULL, NULL, NULL, 100, 47, 4788, 281474976710655, 2048, 0, '2012-08-10 14:53:28', '2012-09-02 06:24:06', NULL, NULL, '', '', NULL);

-- --------------------------------------------------------

--
-- Estructura de tabla para la tabla `PLUGINS`
--

CREATE TEMPORARY TABLE `PLUGINS` (
  `PLUGIN_NAME` varchar(64) NOT NULL DEFAULT '',
  `PLUGIN_VERSION` varchar(20) NOT NULL DEFAULT '',
  `PLUGIN_STATUS` varchar(10) NOT NULL DEFAULT '',
  `PLUGIN_TYPE` varchar(80) NOT NULL DEFAULT '',
  `PLUGIN_TYPE_VERSION` varchar(20) NOT NULL DEFAULT '',
  `PLUGIN_LIBRARY` varchar(64) DEFAULT NULL,
  `PLUGIN_LIBRARY_VERSION` varchar(20) DEFAULT NULL,
  `PLUGIN_AUTHOR` varchar(64) DEFAULT NULL,
  `PLUGIN_DESCRIPTION` longtext,
  `PLUGIN_LICENSE` varchar(80) DEFAULT NULL
) ENGINE=MyISAM DEFAULT CHARSET=utf8;

--
-- Volcado de datos para la tabla `PLUGINS`
--

INSERT INTO `PLUGINS` (`PLUGIN_NAME`, `PLUGIN_VERSION`, `PLUGIN_STATUS`, `PLUGIN_TYPE`, `PLUGIN_TYPE_VERSION`, `PLUGIN_LIBRARY`, `PLUGIN_LIBRARY_VERSION`, `PLUGIN_AUTHOR`, `PLUGIN_DESCRIPTION`, `PLUGIN_LICENSE`) VALUES
('binlog', '1.0', 'ACTIVE', 'STORAGE ENGINE', '50151.0', NULL, NULL, 'MySQL AB', 'This is a pseudo storage engine to represent the binlog in a transaction', 'GPL'),
('partition', '1.0', 'ACTIVE', 'STORAGE ENGINE', '50151.0', NULL, NULL, 'Mikael Ronstrom, MySQL AB', 'Partition Storage Engine Helper', 'GPL'),
('ARCHIVE', '3.0', 'ACTIVE', 'STORAGE ENGINE', '50151.0', NULL, NULL, 'Brian Aker, MySQL AB', 'Archive storage engine', 'GPL'),
('BLACKHOLE', '1.0', 'ACTIVE', 'STORAGE ENGINE', '50151.0', NULL, NULL, 'MySQL AB', '/dev/null storage engine (anything you write to it disappears)', 'GPL'),
('CSV', '1.0', 'ACTIVE', 'STORAGE ENGINE', '50151.0', NULL, NULL, 'Brian Aker, MySQL AB', 'CSV storage engine', 'GPL'),
('FEDERATED', '1.0', 'DISABLED', 'STORAGE ENGINE', '50151.0', NULL, NULL, 'Patrick Galbraith and Brian Aker, MySQL AB', 'Federated MySQL storage engine', 'GPL'),
('MEMORY', '1.0', 'ACTIVE', 'STORAGE ENGINE', '50151.0', NULL, NULL, 'MySQL AB', 'Hash based, stored in memory, useful for temporary tables', 'GPL'),
('InnoDB', '1.0', 'ACTIVE', 'STORAGE ENGINE', '50151.0', NULL, NULL, 'Innobase OY', 'Supports transactions, row-level locking, and foreign keys', 'GPL'),
('MyISAM', '1.0', 'ACTIVE', 'STORAGE ENGINE', '50151.0', NULL, NULL, 'MySQL AB', 'Default engine as of MySQL 3.23 with great performance', 'GPL'),
('MRG_MYISAM', '1.0', 'ACTIVE', 'STORAGE ENGINE', '50151.0', NULL, NULL, 'MySQL AB', 'Collection of identical MyISAM tables', 'GPL');

-- --------------------------------------------------------

--
-- Estructura de tabla para la tabla `PROCESSLIST`
--

CREATE TEMPORARY TABLE `PROCESSLIST` (
  `ID` bigint(4) NOT NULL DEFAULT '0',
  `USER` varchar(16) NOT NULL DEFAULT '',
  `HOST` varchar(64) NOT NULL DEFAULT '',
  `DB` varchar(64) DEFAULT NULL,
  `COMMAND` varchar(16) NOT NULL DEFAULT '',
  `TIME` int(7) NOT NULL DEFAULT '0',
  `STATE` varchar(64) DEFAULT NULL,
  `INFO` longtext
) ENGINE=MyISAM DEFAULT CHARSET=utf8;

--
-- Volcado de datos para la tabla `PROCESSLIST`
--

INSERT INTO `PROCESSLIST` (`ID`, `USER`, `HOST`, `DB`, `COMMAND`, `TIME`, `STATE`, `INFO`) VALUES
(12353453, 'C334953_eleva', '127.0.0.1:35424', 'C334953_elevation19', 'Query', 0, 'executing', 'SELECT * FROM `information_schema`.`PROCESSLIST`');

-- --------------------------------------------------------

--
-- Estructura de tabla para la tabla `PROFILING`
--

CREATE TEMPORARY TABLE `PROFILING` (
  `QUERY_ID` int(20) NOT NULL DEFAULT '0',
  `SEQ` int(20) NOT NULL DEFAULT '0',
  `STATE` varchar(30) NOT NULL DEFAULT '',
  `DURATION` decimal(9,6) NOT NULL DEFAULT '0.000000',
  `CPU_USER` decimal(9,6) DEFAULT NULL,
  `CPU_SYSTEM` decimal(9,6) DEFAULT NULL,
  `CONTEXT_VOLUNTARY` int(20) DEFAULT NULL,
  `CONTEXT_INVOLUNTARY` int(20) DEFAULT NULL,
  `BLOCK_OPS_IN` int(20) DEFAULT NULL,
  `BLOCK_OPS_OUT` int(20) DEFAULT NULL,
  `MESSAGES_SENT` int(20) DEFAULT NULL,
  `MESSAGES_RECEIVED` int(20) DEFAULT NULL,
  `PAGE_FAULTS_MAJOR` int(20) DEFAULT NULL,
  `PAGE_FAULTS_MINOR` int(20) DEFAULT NULL,
  `SWAPS` int(20) DEFAULT NULL,
  `SOURCE_FUNCTION` varchar(30) DEFAULT NULL,
  `SOURCE_FILE` varchar(20) DEFAULT NULL,
  `SOURCE_LINE` int(20) DEFAULT NULL
) ENGINE=MEMORY DEFAULT CHARSET=utf8;

-- --------------------------------------------------------

--
-- Estructura de tabla para la tabla `REFERENTIAL_CONSTRAINTS`
--

CREATE TEMPORARY TABLE `REFERENTIAL_CONSTRAINTS` (
  `CONSTRAINT_CATALOG` varchar(512) DEFAULT NULL,
  `CONSTRAINT_SCHEMA` varchar(64) NOT NULL DEFAULT '',
  `CONSTRAINT_NAME` varchar(64) NOT NULL DEFAULT '',
  `UNIQUE_CONSTRAINT_CATALOG` varchar(512) DEFAULT NULL,
  `UNIQUE_CONSTRAINT_SCHEMA` varchar(64) NOT NULL DEFAULT '',
  `UNIQUE_CONSTRAINT_NAME` varchar(64) DEFAULT NULL,
  `MATCH_OPTION` varchar(64) NOT NULL DEFAULT '',
  `UPDATE_RULE` varchar(64) NOT NULL DEFAULT '',
  `DELETE_RULE` varchar(64) NOT NULL DEFAULT '',
  `TABLE_NAME` varchar(64) NOT NULL DEFAULT '',
  `REFERENCED_TABLE_NAME` varchar(64) NOT NULL DEFAULT ''
) ENGINE=MEMORY DEFAULT CHARSET=utf8;

-- --------------------------------------------------------

--
-- Estructura de tabla para la tabla `ROUTINES`
--

CREATE TEMPORARY TABLE `ROUTINES` (
  `SPECIFIC_NAME` varchar(64) NOT NULL DEFAULT '',
  `ROUTINE_CATALOG` varchar(512) DEFAULT NULL,
  `ROUTINE_SCHEMA` varchar(64) NOT NULL DEFAULT '',
  `ROUTINE_NAME` varchar(64) NOT NULL DEFAULT '',
  `ROUTINE_TYPE` varchar(9) NOT NULL DEFAULT '',
  `DTD_IDENTIFIER` varchar(64) DEFAULT NULL,
  `ROUTINE_BODY` varchar(8) NOT NULL DEFAULT '',
  `ROUTINE_DEFINITION` longtext,
  `EXTERNAL_NAME` varchar(64) DEFAULT NULL,
  `EXTERNAL_LANGUAGE` varchar(64) DEFAULT NULL,
  `PARAMETER_STYLE` varchar(8) NOT NULL DEFAULT '',
  `IS_DETERMINISTIC` varchar(3) NOT NULL DEFAULT '',
  `SQL_DATA_ACCESS` varchar(64) NOT NULL DEFAULT '',
  `SQL_PATH` varchar(64) DEFAULT NULL,
  `SECURITY_TYPE` varchar(7) NOT NULL DEFAULT '',
  `CREATED` datetime NOT NULL DEFAULT '0000-00-00 00:00:00',
  `LAST_ALTERED` datetime NOT NULL DEFAULT '0000-00-00 00:00:00',
  `SQL_MODE` varchar(8192) NOT NULL DEFAULT '',
  `ROUTINE_COMMENT` varchar(64) NOT NULL DEFAULT '',
  `DEFINER` varchar(77) NOT NULL DEFAULT '',
  `CHARACTER_SET_CLIENT` varchar(32) NOT NULL DEFAULT '',
  `COLLATION_CONNECTION` varchar(32) NOT NULL DEFAULT '',
  `DATABASE_COLLATION` varchar(32) NOT NULL DEFAULT ''
) ENGINE=MyISAM DEFAULT CHARSET=utf8;

-- --------------------------------------------------------

--
-- Estructura de tabla para la tabla `SCHEMATA`
--

CREATE TEMPORARY TABLE `SCHEMATA` (
  `CATALOG_NAME` varchar(512) DEFAULT NULL,
  `SCHEMA_NAME` varchar(64) NOT NULL DEFAULT '',
  `DEFAULT_CHARACTER_SET_NAME` varchar(32) NOT NULL DEFAULT '',
  `DEFAULT_COLLATION_NAME` varchar(32) NOT NULL DEFAULT '',
  `SQL_PATH` varchar(512) DEFAULT NULL
) ENGINE=MEMORY DEFAULT CHARSET=utf8;

--
-- Volcado de datos para la tabla `SCHEMATA`
--

INSERT INTO `SCHEMATA` (`CATALOG_NAME`, `SCHEMA_NAME`, `DEFAULT_CHARACTER_SET_NAME`, `DEFAULT_COLLATION_NAME`, `SQL_PATH`) VALUES
(NULL, 'information_schema', 'utf8', 'utf8_general_ci', NULL),
(NULL, 'C334953_elevation19', 'latin1', 'latin1_swedish_ci', NULL);

-- --------------------------------------------------------

--
-- Estructura de tabla para la tabla `SCHEMA_PRIVILEGES`
--

CREATE TEMPORARY TABLE `SCHEMA_PRIVILEGES` (
  `GRANTEE` varchar(81) NOT NULL DEFAULT '',
  `TABLE_CATALOG` varchar(512) DEFAULT NULL,
  `TABLE_SCHEMA` varchar(64) NOT NULL DEFAULT '',
  `PRIVILEGE_TYPE` varchar(64) NOT NULL DEFAULT '',
  `IS_GRANTABLE` varchar(3) NOT NULL DEFAULT ''
) ENGINE=MEMORY DEFAULT CHARSET=utf8;

--
-- Volcado de datos para la tabla `SCHEMA_PRIVILEGES`
--

INSERT INTO `SCHEMA_PRIVILEGES` (`GRANTEE`, `TABLE_CATALOG`, `TABLE_SCHEMA`, `PRIVILEGE_TYPE`, `IS_GRANTABLE`) VALUES
('''C334953_eleva''@''%''', NULL, 'C334953\\_elevation19', 'SELECT', 'YES'),
('''C334953_eleva''@''%''', NULL, 'C334953\\_elevation19', 'INSERT', 'YES'),
('''C334953_eleva''@''%''', NULL, 'C334953\\_elevation19', 'UPDATE', 'YES'),
('''C334953_eleva''@''%''', NULL, 'C334953\\_elevation19', 'DELETE', 'YES'),
('''C334953_eleva''@''%''', NULL, 'C334953\\_elevation19', 'CREATE', 'YES'),
('''C334953_eleva''@''%''', NULL, 'C334953\\_elevation19', 'DROP', 'YES'),
('''C334953_eleva''@''%''', NULL, 'C334953\\_elevation19', 'REFERENCES', 'YES'),
('''C334953_eleva''@''%''', NULL, 'C334953\\_elevation19', 'INDEX', 'YES'),
('''C334953_eleva''@''%''', NULL, 'C334953\\_elevation19', 'ALTER', 'YES'),
('''C334953_eleva''@''%''', NULL, 'C334953\\_elevation19', 'CREATE TEMPORARY TABLES', 'YES'),
('''C334953_eleva''@''%''', NULL, 'C334953\\_elevation19', 'LOCK TABLES', 'YES'),
('''C334953_eleva''@''%''', NULL, 'C334953\\_elevation19', 'EXECUTE', 'YES'),
('''C334953_eleva''@''%''', NULL, 'C334953\\_elevation19', 'CREATE VIEW', 'YES'),
('''C334953_eleva''@''%''', NULL, 'C334953\\_elevation19', 'SHOW VIEW', 'YES'),
('''C334953_eleva''@''%''', NULL, 'C334953\\_elevation19', 'CREATE ROUTINE', 'YES'),
('''C334953_eleva''@''%''', NULL, 'C334953\\_elevation19', 'ALTER ROUTINE', 'YES'),
('''C334953_eleva''@''%''', NULL, 'C334953\\_elevation19', 'EVENT', 'YES'),
('''C334953_eleva''@''%''', NULL, 'C334953\\_elevation19', 'TRIGGER', 'YES');

-- --------------------------------------------------------

--
-- Estructura de tabla para la tabla `SESSION_STATUS`
--

CREATE TEMPORARY TABLE `SESSION_STATUS` (
  `VARIABLE_NAME` varchar(64) NOT NULL DEFAULT '',
  `VARIABLE_VALUE` varchar(1024) DEFAULT NULL
) ENGINE=MEMORY DEFAULT CHARSET=utf8;

--
-- Volcado de datos para la tabla `SESSION_STATUS`
--

INSERT INTO `SESSION_STATUS` (`VARIABLE_NAME`, `VARIABLE_VALUE`) VALUES
('ABORTED_CLIENTS', '41576'),
('ABORTED_CONNECTS', '52816'),
('BINLOG_CACHE_DISK_USE', '0'),
('BINLOG_CACHE_USE', '0'),
('BYTES_RECEIVED', '11550'),
('BYTES_SENT', '246559'),
('COM_ADMIN_COMMANDS', '0'),
('COM_ASSIGN_TO_KEYCACHE', '0'),
('COM_ALTER_DB', '0'),
('COM_ALTER_DB_UPGRADE', '0'),
('COM_ALTER_EVENT', '0'),
('COM_ALTER_FUNCTION', '0'),
('COM_ALTER_PROCEDURE', '0'),
('COM_ALTER_SERVER', '0'),
('COM_ALTER_TABLE', '0'),
('COM_ALTER_TABLESPACE', '0'),
('COM_ANALYZE', '0'),
('COM_BACKUP_TABLE', '0'),
('COM_BEGIN', '0'),
('COM_BINLOG', '0'),
('COM_CALL_PROCEDURE', '0'),
('COM_CHANGE_DB', '2'),
('COM_CHANGE_MASTER', '0'),
('COM_CHECK', '0'),
('COM_CHECKSUM', '0'),
('COM_COMMIT', '0'),
('COM_CREATE_DB', '0'),
('COM_CREATE_EVENT', '0'),
('COM_CREATE_FUNCTION', '0'),
('COM_CREATE_INDEX', '0'),
('COM_CREATE_PROCEDURE', '0'),
('COM_CREATE_SERVER', '0'),
('COM_CREATE_TABLE', '0'),
('COM_CREATE_TRIGGER', '0'),
('COM_CREATE_UDF', '0'),
('COM_CREATE_USER', '0'),
('COM_CREATE_VIEW', '0'),
('COM_DEALLOC_SQL', '0'),
('COM_DELETE', '0'),
('COM_DELETE_MULTI', '0'),
('COM_DO', '0'),
('COM_DROP_DB', '0'),
('COM_DROP_EVENT', '0'),
('COM_DROP_FUNCTION', '0'),
('COM_DROP_INDEX', '0'),
('COM_DROP_PROCEDURE', '0'),
('COM_DROP_SERVER', '0'),
('COM_DROP_TABLE', '0'),
('COM_DROP_TRIGGER', '0'),
('COM_DROP_USER', '0'),
('COM_DROP_VIEW', '0'),
('COM_EMPTY_QUERY', '0'),
('COM_EXECUTE_SQL', '0'),
('COM_FLUSH', '0'),
('COM_GRANT', '0'),
('COM_HA_CLOSE', '0'),
('COM_HA_OPEN', '0'),
('COM_HA_READ', '0'),
('COM_HELP', '0'),
('COM_INSERT', '0'),
('COM_INSERT_SELECT', '0'),
('COM_INSTALL_PLUGIN', '0'),
('COM_KILL', '0'),
('COM_LOAD', '0'),
('COM_LOAD_MASTER_DATA', '0'),
('COM_LOAD_MASTER_TABLE', '0'),
('COM_LOCK_TABLES', '0'),
('COM_OPTIMIZE', '0'),
('COM_PRELOAD_KEYS', '0'),
('COM_PREPARE_SQL', '0'),
('COM_PURGE', '0'),
('COM_PURGE_BEFORE_DATE', '0'),
('COM_RELEASE_SAVEPOINT', '0'),
('COM_RENAME_TABLE', '0'),
('COM_RENAME_USER', '0'),
('COM_REPAIR', '0'),
('COM_REPLACE', '0'),
('COM_REPLACE_SELECT', '0'),
('COM_RESET', '0'),
('COM_RESTORE_TABLE', '0'),
('COM_REVOKE', '0'),
('COM_REVOKE_ALL', '0'),
('COM_ROLLBACK', '0'),
('COM_ROLLBACK_TO_SAVEPOINT', '0'),
('COM_SAVEPOINT', '0'),
('COM_SELECT', '34'),
('COM_SET_OPTION', '36'),
('COM_SHOW_AUTHORS', '0'),
('COM_SHOW_BINLOG_EVENTS', '0'),
('COM_SHOW_BINLOGS', '0'),
('COM_SHOW_CHARSETS', '0'),
('COM_SHOW_COLLATIONS', '0'),
('COM_SHOW_COLUMN_TYPES', '0'),
('COM_SHOW_CONTRIBUTORS', '0'),
('COM_SHOW_CREATE_DB', '0'),
('COM_SHOW_CREATE_EVENT', '0'),
('COM_SHOW_CREATE_FUNC', '0'),
('COM_SHOW_CREATE_PROC', '0'),
('COM_SHOW_CREATE_TABLE', '32'),
('COM_SHOW_CREATE_TRIGGER', '0'),
('COM_SHOW_DATABASES', '1'),
('COM_SHOW_ENGINE_LOGS', '0'),
('COM_SHOW_ENGINE_MUTEX', '0'),
('COM_SHOW_ENGINE_STATUS', '0'),
('COM_SHOW_EVENTS', '0'),
('COM_SHOW_ERRORS', '0'),
('COM_SHOW_FIELDS', '0'),
('COM_SHOW_FUNCTION_STATUS', '2'),
('COM_SHOW_GRANTS', '0'),
('COM_SHOW_KEYS', '0'),
('COM_SHOW_MASTER_STATUS', '0'),
('COM_SHOW_NEW_MASTER', '0'),
('COM_SHOW_OPEN_TABLES', '0'),
('COM_SHOW_PLUGINS', '0'),
('COM_SHOW_PRIVILEGES', '0'),
('COM_SHOW_PROCEDURE_STATUS', '2'),
('COM_SHOW_PROCESSLIST', '0'),
('COM_SHOW_PROFILE', '0'),
('COM_SHOW_PROFILES', '0'),
('COM_SHOW_SLAVE_HOSTS', '0'),
('COM_SHOW_SLAVE_STATUS', '0'),
('COM_SHOW_STATUS', '0'),
('COM_SHOW_STORAGE_ENGINES', '0'),
('COM_SHOW_TABLE_STATUS', '60'),
('COM_SHOW_TABLES', '2'),
('COM_SHOW_TRIGGERS', '31'),
('COM_SHOW_VARIABLES', '1'),
('COM_SHOW_WARNINGS', '0'),
('COM_SLAVE_START', '0'),
('COM_SLAVE_STOP', '0'),
('COM_STMT_CLOSE', '0'),
('COM_STMT_EXECUTE', '0'),
('COM_STMT_FETCH', '0'),
('COM_STMT_PREPARE', '0'),
('COM_STMT_REPREPARE', '0'),
('COM_STMT_RESET', '0'),
('COM_STMT_SEND_LONG_DATA', '0'),
('COM_TRUNCATE', '0'),
('COM_UNINSTALL_PLUGIN', '0'),
('COM_UNLOCK_TABLES', '0'),
('COM_UPDATE', '0'),
('COM_UPDATE_MULTI', '0'),
('COM_XA_COMMIT', '0'),
('COM_XA_END', '0'),
('COM_XA_PREPARE', '0'),
('COM_XA_RECOVER', '0'),
('COM_XA_ROLLBACK', '0'),
('COM_XA_START', '0'),
('COMPRESSION', 'OFF'),
('CONNECTIONS', '12353466'),
('CREATED_TMP_DISK_TABLES', '98'),
('CREATED_TMP_FILES', '7896'),
('CREATED_TMP_TABLES', '311'),
('DELAYED_ERRORS', '0'),
('DELAYED_INSERT_THREADS', '0'),
('DELAYED_WRITES', '0'),
('FLUSH_COMMANDS', '1'),
('HANDLER_COMMIT', '9'),
('HANDLER_DELETE', '0'),
('HANDLER_DISCOVER', '0'),
('HANDLER_PREPARE', '0'),
('HANDLER_READ_FIRST', '14'),
('HANDLER_READ_KEY', '18'),
('HANDLER_READ_NEXT', '200'),
('HANDLER_READ_PREV', '0'),
('HANDLER_READ_RND', '0'),
('HANDLER_READ_RND_NEXT', '1823'),
('HANDLER_ROLLBACK', '0'),
('HANDLER_SAVEPOINT', '0'),
('HANDLER_SAVEPOINT_ROLLBACK', '0'),
('HANDLER_UPDATE', '0'),
('HANDLER_WRITE', '1672'),
('INNODB_BUFFER_POOL_PAGES_DATA', '4041'),
('INNODB_BUFFER_POOL_PAGES_DIRTY', '0'),
('INNODB_BUFFER_POOL_PAGES_FLUSHED', '262730'),
('INNODB_BUFFER_POOL_PAGES_FREE', '0'),
('INNODB_BUFFER_POOL_PAGES_MISC', '55'),
('INNODB_BUFFER_POOL_PAGES_TOTAL', '4096'),
('INNODB_BUFFER_POOL_READ_AHEAD_RND', '2444347'),
('INNODB_BUFFER_POOL_READ_AHEAD_SEQ', '673904'),
('INNODB_BUFFER_POOL_READ_REQUESTS', '2770579957'),
('INNODB_BUFFER_POOL_READS', '27178339'),
('INNODB_BUFFER_POOL_WAIT_FREE', '0'),
('INNODB_BUFFER_POOL_WRITE_REQUESTS', '2729159'),
('INNODB_DATA_FSYNCS', '239797'),
('INNODB_DATA_PENDING_FSYNCS', '0'),
('INNODB_DATA_PENDING_READS', '0'),
('INNODB_DATA_PENDING_WRITES', '0'),
('INNODB_DATA_READ', '2791953403904'),
('INNODB_DATA_READS', '31059081'),
('INNODB_DATA_WRITES', '406117'),
('INNODB_DATA_WRITTEN', '9057505280'),
('INNODB_DBLWR_PAGES_WRITTEN', '262730'),
('INNODB_DBLWR_WRITES', '51297'),
('INNODB_LOG_WAITS', '0'),
('INNODB_LOG_WRITE_REQUESTS', '869470'),
('INNODB_LOG_WRITES', '91479'),
('INNODB_OS_LOG_FSYNCS', '137052'),
('INNODB_OS_LOG_PENDING_FSYNCS', '0'),
('INNODB_OS_LOG_PENDING_WRITES', '0'),
('INNODB_OS_LOG_WRITTEN', '424997888'),
('INNODB_PAGE_SIZE', '16384'),
('INNODB_PAGES_CREATED', '19751'),
('INNODB_PAGES_READ', '170407235'),
('INNODB_PAGES_WRITTEN', '262730'),
('INNODB_ROW_LOCK_CURRENT_WAITS', '0'),
('INNODB_ROW_LOCK_TIME', '112'),
('INNODB_ROW_LOCK_TIME_AVG', '4'),
('INNODB_ROW_LOCK_TIME_MAX', '54'),
('INNODB_ROW_LOCK_WAITS', '27'),
('INNODB_ROWS_DELETED', '23263'),
('INNODB_ROWS_INSERTED', '308956'),
('INNODB_ROWS_READ', '1878902945'),
('INNODB_ROWS_UPDATED', '190893'),
('KEY_BLOCKS_NOT_FLUSHED', '0'),
('KEY_BLOCKS_UNUSED', '68'),
('KEY_BLOCKS_USED', '265158'),
('KEY_READ_REQUESTS', '5783113273'),
('KEY_READS', '1894180'),
('KEY_WRITE_REQUESTS', '218508630'),
('KEY_WRITES', '26765951'),
('LAST_QUERY_COST', '10.499000'),
('MAX_USED_CONNECTIONS', '301'),
('NOT_FLUSHED_DELAYED_ROWS', '0'),
('OPEN_FILES', '30157'),
('OPEN_STREAMS', '0'),
('OPEN_TABLE_DEFINITIONS', '15038'),
('OPEN_TABLES', '16384'),
('OPENED_FILES', '34535718'),
('OPENED_TABLE_DEFINITIONS', '0'),
('OPENED_TABLES', '12'),
('PREPARED_STMT_COUNT', '0'),
('QCACHE_FREE_BLOCKS', '8370'),
('QCACHE_FREE_MEMORY', '26460072'),
('QCACHE_HITS', '352338796'),
('QCACHE_INSERTS', '90058998'),
('QCACHE_LOWMEM_PRUNES', '46086749'),
('QCACHE_NOT_CACHED', '16087127'),
('QCACHE_QUERIES_IN_CACHE', '33599'),
('QCACHE_TOTAL_BLOCKS', '83023'),
('QUERIES', '570686658'),
('QUESTIONS', '203'),
('RPL_STATUS', 'NULL'),
('SELECT_FULL_JOIN', '0'),
('SELECT_FULL_RANGE_JOIN', '0'),
('SELECT_RANGE', '0'),
('SELECT_RANGE_CHECK', '0'),
('SELECT_SCAN', '132'),
('SLAVE_OPEN_TEMP_TABLES', '0'),
('SLAVE_RETRIED_TRANSACTIONS', '0'),
('SLAVE_RUNNING', 'OFF'),
('SLOW_LAUNCH_THREADS', '0'),
('SLOW_QUERIES', '0'),
('SORT_MERGE_PASSES', '0'),
('SORT_RANGE', '0'),
('SORT_ROWS', '0'),
('SORT_SCAN', '0'),
('SSL_ACCEPT_RENEGOTIATES', '0'),
('SSL_ACCEPTS', '0'),
('SSL_CALLBACK_CACHE_HITS', '0'),
('SSL_CIPHER', ''),
('SSL_CIPHER_LIST', ''),
('SSL_CLIENT_CONNECTS', '0'),
('SSL_CONNECT_RENEGOTIATES', '0'),
('SSL_CTX_VERIFY_DEPTH', '0'),
('SSL_CTX_VERIFY_MODE', '0'),
('SSL_DEFAULT_TIMEOUT', '0'),
('SSL_FINISHED_ACCEPTS', '0'),
('SSL_FINISHED_CONNECTS', '0'),
('SSL_SESSION_CACHE_HITS', '0'),
('SSL_SESSION_CACHE_MISSES', '0'),
('SSL_SESSION_CACHE_MODE', 'NONE'),
('SSL_SESSION_CACHE_OVERFLOWS', '0'),
('SSL_SESSION_CACHE_SIZE', '0'),
('SSL_SESSION_CACHE_TIMEOUTS', '0'),
('SSL_SESSIONS_REUSED', '0'),
('SSL_USED_SESSION_CACHE_ENTRIES', '0'),
('SSL_VERIFY_DEPTH', '0'),
('SSL_VERIFY_MODE', '0'),
('SSL_VERSION', ''),
('TABLE_LOCKS_IMMEDIATE', '155329880'),
('TABLE_LOCKS_WAITED', '10522'),
('TC_LOG_MAX_PAGES_USED', '0'),
('TC_LOG_PAGE_SIZE', '0'),
('TC_LOG_PAGE_WAITS', '0'),
('THREADS_CACHED', '62'),
('THREADS_CONNECTED', '2'),
('THREADS_CREATED', '301'),
('THREADS_RUNNING', '1'),
('UPTIME', '4528048'),
('UPTIME_SINCE_FLUSH_STATUS', '4528048');

-- --------------------------------------------------------

--
-- Estructura de tabla para la tabla `SESSION_VARIABLES`
--

CREATE TEMPORARY TABLE `SESSION_VARIABLES` (
  `VARIABLE_NAME` varchar(64) NOT NULL DEFAULT '',
  `VARIABLE_VALUE` varchar(1024) DEFAULT NULL
) ENGINE=MEMORY DEFAULT CHARSET=utf8;

--
-- Volcado de datos para la tabla `SESSION_VARIABLES`
--

INSERT INTO `SESSION_VARIABLES` (`VARIABLE_NAME`, `VARIABLE_VALUE`) VALUES
('MAX_PREPARED_STMT_COUNT', '16382'),
('CHARACTER_SETS_DIR', '/usr/share/mysql/charsets/'),
('HAVE_CRYPT', 'YES'),
('CONNECT_TIMEOUT', '10'),
('MYISAM_REPAIR_THREADS', '1'),
('AUTOMATIC_SP_PRIVILEGES', 'ON'),
('MAX_BINLOG_SIZE', '1073741824'),
('BINLOG_CACHE_SIZE', '32768'),
('MAX_JOIN_SIZE', '18446744073709551615'),
('BACK_LOG', '50'),
('FT_MIN_WORD_LEN', '4'),
('HAVE_COMMUNITY_FEATURES', 'YES'),
('DELAYED_INSERT_TIMEOUT', '300'),
('MAX_HEAP_TABLE_SIZE', '67108864'),
('LOG_BIN_TRUST_ROUTINE_CREATORS', 'OFF'),
('CHARACTER_SET_CONNECTION', 'utf8'),
('TX_ISOLATION', 'REPEATABLE-READ'),
('CHARACTER_SET_RESULTS', 'utf8'),
('IDENTITY', '0'),
('LOWER_CASE_FILE_SYSTEM', 'OFF'),
('UPDATABLE_VIEWS_WITH_LIMIT', 'YES'),
('SQL_LOG_OFF', 'OFF'),
('SLOW_LAUNCH_TIME', '2'),
('QUERY_CACHE_TYPE', 'ON'),
('INNODB_LOCK_WAIT_TIMEOUT', '50'),
('COMPLETION_TYPE', '0'),
('RELAY_LOG_INDEX', ''),
('CHARACTER_SET_SERVER', 'latin1'),
('SQL_QUOTE_SHOW_CREATE', 'ON'),
('EVENT_SCHEDULER', 'OFF'),
('SQL_LOG_UPDATE', 'ON'),
('COLLATION_DATABASE', 'latin1_swedish_ci'),
('INNODB_USE_LEGACY_CARDINALITY_ALGORITHM', 'ON'),
('FT_MAX_WORD_LEN', '84'),
('LOCKED_IN_MEMORY', 'OFF'),
('CONCURRENT_INSERT', '1'),
('MYISAM_STATS_METHOD', 'nulls_unequal'),
('MAX_BINLOG_CACHE_SIZE', '18446744073709547520'),
('REPORT_HOST', ''),
('INIT_SLAVE', ''),
('SSL_KEY', ''),
('FLUSH', 'OFF'),
('SYSTEM_TIME_ZONE', 'EDT'),
('DELAYED_INSERT_LIMIT', '100'),
('SLAVE_SKIP_ERRORS', 'OFF'),
('FT_QUERY_EXPANSION_LIMIT', '20'),
('INSERT_ID', '0'),
('SQL_LOW_PRIORITY_UPDATES', 'ON'),
('RELAY_LOG_PURGE', 'ON'),
('PSEUDO_THREAD_ID', '12353453'),
('SKIP_SHOW_DATABASE', 'OFF'),
('NET_RETRY_COUNT', '10'),
('GROUP_CONCAT_MAX_LEN', '1024'),
('JOIN_BUFFER_SIZE', '16777216'),
('INNODB_LOG_BUFFER_SIZE', '8388608'),
('MAX_ERROR_COUNT', '64'),
('TABLE_DEFINITION_CACHE', '256'),
('QUERY_CACHE_LIMIT', '262144'),
('INNODB_MAX_PURGE_LAG', '0'),
('DELAYED_QUEUE_SIZE', '1000'),
('TRANSACTION_PREALLOC_SIZE', '4096'),
('INTERACTIVE_TIMEOUT', '28800'),
('VERSION_COMPILE_OS', 'unknown-linux-gnu'),
('SOCKET', '/var/lib/mysql/mysql.sock'),
('SQL_NOTES', 'ON'),
('LARGE_PAGES', 'OFF'),
('LOW_PRIORITY_UPDATES', 'ON'),
('AUTO_INCREMENT_OFFSET', '1'),
('REPORT_PASSWORD', ''),
('MAX_CONNECT_ERRORS', '500000'),
('MAX_INSERT_DELAYED_THREADS', '20'),
('SLOW_QUERY_LOG', 'ON'),
('HAVE_COMPRESS', 'YES'),
('MAX_CONNECTIONS', '300'),
('TRANSACTION_ALLOC_BLOCK_SIZE', '8192'),
('BASEDIR', '/'),
('THREAD_CACHE_SIZE', '64'),
('QUERY_CACHE_SIZE', '134217728'),
('INNODB_DOUBLEWRITE', 'ON'),
('LANGUAGE', '/usr/share/mysql/english/'),
('LARGE_FILES_SUPPORT', 'ON'),
('RANGE_ALLOC_BLOCK_SIZE', '4096'),
('DEFAULT_WEEK_FORMAT', '0'),
('LOWER_CASE_TABLE_NAMES', '0'),
('LOG_OUTPUT', 'FILE'),
('LOG_WARNINGS', '1'),
('FLUSH_TIME', '0'),
('KEY_CACHE_AGE_THRESHOLD', '300'),
('PROTOCOL_VERSION', '10'),
('COLLATION_SERVER', 'latin1_swedish_ci'),
('HAVE_SYMLINK', 'YES'),
('MYISAM_MAX_SORT_FILE_SIZE', '9223372036853727232'),
('TIME_ZONE', '+00:00'),
('FT_BOOLEAN_SYNTAX', '+ -><()~*:""&|'),
('INNODB_TABLE_LOCKS', 'ON'),
('LOG_QUERIES_NOT_USING_INDEXES', 'OFF'),
('INNODB_AUTOEXTEND_INCREMENT', '8'),
('NET_BUFFER_LENGTH', '16384'),
('MYISAM_DATA_POINTER_SIZE', '6'),
('FT_STOPWORD_FILE', '(built-in)'),
('INNODB_THREAD_SLEEP_DELAY', '10000'),
('DELAY_KEY_WRITE', 'ON'),
('SQL_AUTO_IS_NULL', 'ON'),
('ENGINE_CONDITION_PUSHDOWN', 'ON'),
('SLAVE_TRANSACTION_RETRIES', '10'),
('LONG_QUERY_TIME', '4.000000'),
('REPORT_USER', ''),
('BULK_INSERT_BUFFER_SIZE', '8388608'),
('GENERAL_LOG', 'OFF'),
('KEEP_FILES_ON_CREATE', 'OFF'),
('TABLE_TYPE', 'MyISAM'),
('MYISAM_USE_MMAP', 'OFF'),
('QUERY_CACHE_MIN_RES_UNIT', '4096'),
('READ_BUFFER_SIZE', '262144'),
('INNODB_STATS_ON_METADATA', 'ON'),
('INIT_FILE', ''),
('INNODB_ROLLBACK_ON_TIMEOUT', 'OFF'),
('CHARACTER_SET_FILESYSTEM', 'binary'),
('PROFILING_HISTORY_SIZE', '15'),
('LC_TIME_NAMES', 'en_US'),
('INNODB_ADDITIONAL_MEM_POOL_SIZE', '8388608'),
('LOG_ERROR', '/var/log/mysql/error.log'),
('READ_RND_BUFFER_SIZE', '2097152'),
('BINLOG_DIRECT_NON_TRANSACTIONAL_UPDATES', 'OFF'),
('SECURE_AUTH', 'OFF'),
('LARGE_PAGE_SIZE', '0'),
('BIG_TABLES', 'OFF'),
('MAX_SP_RECURSION_DEPTH', '0'),
('SQL_SELECT_LIMIT', '18446744073709551615'),
('OLD_PASSWORDS', 'ON'),
('DATE_FORMAT', '%Y-%m-%d'),
('QUERY_PREALLOC_SIZE', '8192'),
('READ_ONLY', 'OFF'),
('MULTI_RANGE_COUNT', '256'),
('RAND_SEED1', ''),
('MAX_SEEKS_FOR_KEY', '18446744073709551615'),
('INNODB_DATA_FILE_PATH', 'ibdata1:10M:autoextend'),
('MYISAM_RECOVER_OPTIONS', 'OFF'),
('SLOW_QUERY_LOG_FILE', '/var/log/mysql/slowquery.log'),
('HAVE_SSL', 'DISABLED'),
('PROFILING', 'OFF'),
('NET_WRITE_TIMEOUT', '60'),
('SQL_WARNINGS', 'OFF'),
('THREAD_STACK', '262144'),
('KEY_CACHE_DIVISION_LIMIT', '100'),
('OPEN_FILES_LIMIT', '65536'),
('GENERAL_LOG_FILE', '/var/run/mysqld/mysqld.log'),
('SKIP_NAME_RESOLVE', 'ON'),
('SSL_CERT', ''),
('SQL_BIG_TABLES', 'OFF'),
('AUTO_INCREMENT_INCREMENT', '1'),
('PID_FILE', '/var/run/mysqld/mysqld.pid'),
('TMPDIR', '/tmp'),
('CHARACTER_SET_DATABASE', 'latin1'),
('EXPIRE_LOGS_DAYS', '0'),
('MIN_EXAMINED_ROW_LIMIT', '0'),
('HAVE_PARTITIONING', 'YES'),
('MAX_SORT_LENGTH', '1024'),
('FOREIGN_KEY_CHECKS', 'ON'),
('SSL_CAPATH', ''),
('RELAY_LOG_INFO_FILE', 'relay-log.info'),
('VERSION_COMMENT', 'MySQL Community Server (GPL)'),
('INNODB_AUTOINC_LOCK_MODE', '1'),
('OPTIMIZER_SWITCH', 'index_merge=on,index_merge_union=on,index_merge_sort_union=on,index_merge_intersection=on'),
('INNODB_COMMIT_CONCURRENCY', '0'),
('OPTIMIZER_PRUNE_LEVEL', '1'),
('INNODB_MIRRORED_LOG_GROUPS', '1'),
('QUERY_CACHE_WLOCK_INVALIDATE', 'OFF'),
('UNIQUE_CHECKS', 'ON'),
('MAX_WRITE_LOCK_COUNT', '18446744073709551615'),
('VERSION', '5.1.51-community-log'),
('TIMED_MUTEXES', 'OFF'),
('INNODB_SUPPORT_XA', 'ON'),
('THREAD_HANDLING', 'one-thread-per-connection'),
('INNODB_SYNC_SPIN_LOOPS', '20'),
('LOG_SLOW_QUERIES', 'ON'),
('COLLATION_CONNECTION', 'utf8_general_ci'),
('SERVER_ID', '0'),
('HAVE_QUERY_CACHE', 'YES'),
('SKIP_NETWORKING', 'OFF'),
('INNODB_ADAPTIVE_HASH_INDEX', 'ON'),
('CHARACTER_SET_SYSTEM', 'utf8'),
('VERSION_COMPILE_MACHINE', 'x86_64'),
('INIT_CONNECT', ''),
('DIV_PRECISION_INCREMENT', '4'),
('OPTIMIZER_SEARCH_DEPTH', '62'),
('DATADIR', '/var/lib/mysql/'),
('AUTOCOMMIT', 'ON'),
('INNODB_DATA_HOME_DIR', ''),
('SSL_CIPHER', ''),
('MYISAM_SORT_BUFFER_SIZE', '67108864'),
('RPL_RECOVERY_RANK', '0'),
('SQL_SLAVE_SKIP_COUNTER', ''),
('TMP_TABLE_SIZE', '67108864'),
('TIME_FORMAT', '%H:%i:%s'),
('TABLE_LOCK_WAIT_TIMEOUT', '50'),
('INNODB_FORCE_RECOVERY', '0'),
('MAX_LENGTH_FOR_SORT_DATA', '1024'),
('INNODB_LOG_FILES_IN_GROUP', '2'),
('HOSTNAME', 'mysql1107.opentransfer.com'),
('ERROR_COUNT', '0'),
('LAST_INSERT_ID', '0'),
('HAVE_DYNAMIC_LOADING', 'YES'),
('LOG_BIN', 'OFF'),
('SYNC_BINLOG', '0'),
('SQL_MODE', ''),
('RELAY_LOG_SPACE_LIMIT', '0'),
('MAX_USER_CONNECTIONS', '40'),
('INNODB_OPEN_FILES', '300'),
('SLAVE_EXEC_MODE', 'STRICT'),
('OLD', 'OFF'),
('SQL_MAX_JOIN_SIZE', '18446744073709551615'),
('INNODB_MAX_DIRTY_PAGES_PCT', '90'),
('NEW', 'OFF'),
('TABLE_OPEN_CACHE', '16384'),
('SECURE_FILE_PRIV', ''),
('KEY_BUFFER_SIZE', '335544320'),
('REPORT_PORT', '3306'),
('HAVE_NDBCLUSTER', 'NO'),
('LOG', 'OFF'),
('SQL_BUFFER_RESULT', 'OFF'),
('KEY_CACHE_BLOCK_SIZE', '1024'),
('INNODB_LOG_GROUP_HOME_DIR', './'),
('SQL_LOG_BIN', 'ON'),
('INNODB_FAST_SHUTDOWN', '1'),
('MAX_RELAY_LOG_SIZE', '0'),
('SSL_CA', ''),
('HAVE_CSV', 'YES'),
('INNODB_THREAD_CONCURRENCY', '8'),
('SQL_SAFE_UPDATES', 'OFF'),
('SLAVE_NET_TIMEOUT', '3600'),
('PRELOAD_BUFFER_SIZE', '32768'),
('INNODB_BUFFER_POOL_SIZE', '67108864'),
('SLAVE_COMPRESSED_PROTOCOL', 'OFF'),
('LOCAL_INFILE', 'ON'),
('HAVE_GEOMETRY', 'YES'),
('HAVE_RTREE_KEYS', 'YES'),
('SQL_BIG_SELECTS', 'ON'),
('BINLOG_FORMAT', 'STATEMENT'),
('RELAY_LOG', ''),
('OLD_ALTER_TABLE', 'OFF'),
('PLUGIN_DIR', '/usr/lib64/mysql/plugin'),
('MYISAM_MMAP_SIZE', '18446744073709551615'),
('IGNORE_BUILTIN_INNODB', 'OFF'),
('MAX_TMP_TABLES', '32'),
('NET_READ_TIMEOUT', '30'),
('TIMESTAMP', '1349193602'),
('SYNC_FRM', 'ON'),
('MAX_DELAYED_THREADS', '20'),
('INNODB_FLUSH_METHOD', ''),
('DATETIME_FORMAT', '%Y-%m-%d %H:%i:%s'),
('WARNING_COUNT', '0'),
('INNODB_FLUSH_LOG_AT_TRX_COMMIT', '0'),
('MAX_ALLOWED_PACKET', '134217728'),
('INNODB_FILE_IO_THREADS', '4'),
('QUERY_ALLOC_BLOCK_SIZE', '8192'),
('LICENSE', 'GPL'),
('INNODB_CHECKSUMS', 'ON'),
('STORAGE_ENGINE', 'MyISAM'),
('INNODB_LOCKS_UNSAFE_FOR_BINLOG', 'OFF'),
('PORT', '3306'),
('INNODB_LOG_FILE_SIZE', '5242880'),
('INNODB_CONCURRENCY_TICKETS', '500'),
('LOG_SLAVE_UPDATES', 'OFF'),
('LOG_BIN_TRUST_FUNCTION_CREATORS', 'OFF'),
('SORT_BUFFER_SIZE', '2097152'),
('WAIT_TIMEOUT', '1800'),
('INNODB_FILE_PER_TABLE', 'OFF'),
('HAVE_OPENSSL', 'DISABLED'),
('CHARACTER_SET_CLIENT', 'utf8'),
('RAND_SEED2', ''),
('SKIP_EXTERNAL_LOCKING', 'ON'),
('HAVE_INNODB', 'YES'),
('SLAVE_LOAD_TMPDIR', '/tmp');

-- --------------------------------------------------------

--
-- Estructura de tabla para la tabla `STATISTICS`
--

CREATE TEMPORARY TABLE `STATISTICS` (
  `TABLE_CATALOG` varchar(512) DEFAULT NULL,
  `TABLE_SCHEMA` varchar(64) NOT NULL DEFAULT '',
  `TABLE_NAME` varchar(64) NOT NULL DEFAULT '',
  `NON_UNIQUE` bigint(1) NOT NULL DEFAULT '0',
  `INDEX_SCHEMA` varchar(64) NOT NULL DEFAULT '',
  `INDEX_NAME` varchar(64) NOT NULL DEFAULT '',
  `SEQ_IN_INDEX` bigint(2) NOT NULL DEFAULT '0',
  `COLUMN_NAME` varchar(64) NOT NULL DEFAULT '',
  `COLLATION` varchar(1) DEFAULT NULL,
  `CARDINALITY` bigint(21) DEFAULT NULL,
  `SUB_PART` bigint(3) DEFAULT NULL,
  `PACKED` varchar(10) DEFAULT NULL,
  `NULLABLE` varchar(3) NOT NULL DEFAULT '',
  `INDEX_TYPE` varchar(16) NOT NULL DEFAULT '',
  `COMMENT` varchar(16) DEFAULT NULL
) ENGINE=MEMORY DEFAULT CHARSET=utf8;

--
-- Volcado de datos para la tabla `STATISTICS`
--

INSERT INTO `STATISTICS` (`TABLE_CATALOG`, `TABLE_SCHEMA`, `TABLE_NAME`, `NON_UNIQUE`, `INDEX_SCHEMA`, `INDEX_NAME`, `SEQ_IN_INDEX`, `COLUMN_NAME`, `COLLATION`, `CARDINALITY`, `SUB_PART`, `PACKED`, `NULLABLE`, `INDEX_TYPE`, `COMMENT`) VALUES
(NULL, 'C334953_elevation19', 'el_area', 0, 'C334953_elevation19', 'PRIMARY', 1, 'id_area', 'A', 1, NULL, NULL, '', 'BTREE', ''),
(NULL, 'C334953_elevation19', 'el_categorias', 0, 'C334953_elevation19', 'PRIMARY', 1, 'id_categoria', 'A', 1, NULL, NULL, '', 'BTREE', ''),
(NULL, 'C334953_elevation19', 'el_ciudades', 0, 'C334953_elevation19', 'PRIMARY', 1, 'id_ciudad', 'A', 2, NULL, NULL, '', 'BTREE', ''),
(NULL, 'C334953_elevation19', 'el_comments', 0, 'C334953_elevation19', 'PRIMARY', 1, 'p_id', 'A', 16, NULL, NULL, '', 'BTREE', ''),
(NULL, 'C334953_elevation19', 'el_comments_post', 0, 'C334953_elevation19', 'PRIMARY', 1, 'c_id', 'A', 0, NULL, NULL, '', 'BTREE', ''),
(NULL, 'C334953_elevation19', 'el_cupones', 0, 'C334953_elevation19', 'PRIMARY', 1, 'id', 'A', 5, NULL, NULL, '', 'BTREE', ''),
(NULL, 'C334953_elevation19', 'el_cupones_usuarios', 0, 'C334953_elevation19', 'PRIMARY', 1, 'id_cupon_usuario', 'A', 7, NULL, NULL, '', 'BTREE', ''),
(NULL, 'C334953_elevation19', 'el_empresas', 0, 'C334953_elevation19', 'PRIMARY', 1, 'id_empresa', 'A', 1, NULL, NULL, '', 'BTREE', ''),
(NULL, 'C334953_elevation19', 'el_usuarios', 0, 'C334953_elevation19', 'PRIMARY', 1, 'id_usuario', 'A', 22, NULL, NULL, '', 'BTREE', ''),
(NULL, 'C334953_elevation19', 'members', 0, 'C334953_elevation19', 'PRIMARY', 1, 'member_id', 'A', 27, NULL, NULL, '', 'BTREE', ''),
(NULL, 'C334953_elevation19', 'members_menu', 0, 'C334953_elevation19', 'PRIMARY', 1, 'id', 'A', 7, NULL, NULL, '', 'BTREE', ''),
(NULL, 'C334953_elevation19', 'members_menu', 1, 'C334953_elevation19', 'parent_id', 1, 'parent_id', 'A', NULL, NULL, NULL, '', 'BTREE', ''),
(NULL, 'C334953_elevation19', 'members_menu', 1, 'C334953_elevation19', 'is_menu_name', 1, 'is_menu_group', 'A', NULL, NULL, NULL, '', 'BTREE', ''),
(NULL, 'C334953_elevation19', 'members_session', 0, 'C334953_elevation19', 'PRIMARY', 1, 'id', 'A', 100, NULL, NULL, '', 'BTREE', '');

-- --------------------------------------------------------

--
-- Estructura de tabla para la tabla `TABLES`
--

CREATE TEMPORARY TABLE `TABLES` (
  `TABLE_CATALOG` varchar(512) DEFAULT NULL,
  `TABLE_SCHEMA` varchar(64) NOT NULL DEFAULT '',
  `TABLE_NAME` varchar(64) NOT NULL DEFAULT '',
  `TABLE_TYPE` varchar(64) NOT NULL DEFAULT '',
  `ENGINE` varchar(64) DEFAULT NULL,
  `VERSION` bigint(21) unsigned DEFAULT NULL,
  `ROW_FORMAT` varchar(10) DEFAULT NULL,
  `TABLE_ROWS` bigint(21) unsigned DEFAULT NULL,
  `AVG_ROW_LENGTH` bigint(21) unsigned DEFAULT NULL,
  `DATA_LENGTH` bigint(21) unsigned DEFAULT NULL,
  `MAX_DATA_LENGTH` bigint(21) unsigned DEFAULT NULL,
  `INDEX_LENGTH` bigint(21) unsigned DEFAULT NULL,
  `DATA_FREE` bigint(21) unsigned DEFAULT NULL,
  `AUTO_INCREMENT` bigint(21) unsigned DEFAULT NULL,
  `CREATE_TIME` datetime DEFAULT NULL,
  `UPDATE_TIME` datetime DEFAULT NULL,
  `CHECK_TIME` datetime DEFAULT NULL,
  `TABLE_COLLATION` varchar(32) DEFAULT NULL,
  `CHECKSUM` bigint(21) unsigned DEFAULT NULL,
  `CREATE_OPTIONS` varchar(255) DEFAULT NULL,
  `TABLE_COMMENT` varchar(80) NOT NULL DEFAULT ''
) ENGINE=MEMORY DEFAULT CHARSET=utf8;

--
-- Volcado de datos para la tabla `TABLES`
--

INSERT INTO `TABLES` (`TABLE_CATALOG`, `TABLE_SCHEMA`, `TABLE_NAME`, `TABLE_TYPE`, `ENGINE`, `VERSION`, `ROW_FORMAT`, `TABLE_ROWS`, `AVG_ROW_LENGTH`, `DATA_LENGTH`, `MAX_DATA_LENGTH`, `INDEX_LENGTH`, `DATA_FREE`, `AUTO_INCREMENT`, `CREATE_TIME`, `UPDATE_TIME`, `CHECK_TIME`, `TABLE_COLLATION`, `CHECKSUM`, `CREATE_OPTIONS`, `TABLE_COMMENT`) VALUES
(NULL, 'information_schema', 'CHARACTER_SETS', 'SYSTEM VIEW', 'MEMORY', 10, 'Fixed', NULL, 384, 0, 65739264, 0, 0, NULL, NULL, NULL, NULL, 'utf8_general_ci', NULL, 'max_rows=174762', ''),
(NULL, 'information_schema', 'COLLATIONS', 'SYSTEM VIEW', 'MEMORY', 10, 'Fixed', NULL, 231, 0, 66819522, 0, 0, NULL, NULL, NULL, NULL, 'utf8_general_ci', NULL, 'max_rows=290514', ''),
(NULL, 'information_schema', 'COLLATION_CHARACTER_SET_APPLICABILITY', 'SYSTEM VIEW', 'MEMORY', 10, 'Fixed', NULL, 195, 0, 65431080, 0, 0, NULL, NULL, NULL, NULL, 'utf8_general_ci', NULL, 'max_rows=344148', ''),
(NULL, 'information_schema', 'COLUMNS', 'SYSTEM VIEW', 'MyISAM', 10, 'Dynamic', NULL, 0, 0, 281474976710655, 1024, 0, NULL, '2012-10-02 16:00:02', '2012-10-02 16:00:02', NULL, 'utf8_general_ci', NULL, 'max_rows=18241', ''),
(NULL, 'information_schema', 'COLUMN_PRIVILEGES', 'SYSTEM VIEW', 'MEMORY', 10, 'Fixed', NULL, 2565, 0, 67028580, 0, 0, NULL, NULL, NULL, NULL, 'utf8_general_ci', NULL, 'max_rows=26163', ''),
(NULL, 'information_schema', 'ENGINES', 'SYSTEM VIEW', 'MEMORY', 10, 'Fixed', NULL, 490, 0, 66297000, 0, 0, NULL, NULL, NULL, NULL, 'utf8_general_ci', NULL, 'max_rows=136956', ''),
(NULL, 'information_schema', 'EVENTS', 'SYSTEM VIEW', 'MyISAM', 10, 'Dynamic', NULL, 0, 0, 281474976710655, 1024, 0, NULL, '2012-10-02 16:00:02', '2012-10-02 16:00:02', NULL, 'utf8_general_ci', NULL, 'max_rows=2475', ''),
(NULL, 'information_schema', 'FILES', 'SYSTEM VIEW', 'MEMORY', 10, 'Fixed', NULL, 2677, 0, 67032080, 0, 0, NULL, NULL, NULL, NULL, 'utf8_general_ci', NULL, 'max_rows=25068', ''),
(NULL, 'information_schema', 'GLOBAL_STATUS', 'SYSTEM VIEW', 'MEMORY', 10, 'Fixed', NULL, 3268, 0, 67026680, 0, 0, NULL, NULL, NULL, NULL, 'utf8_general_ci', NULL, 'max_rows=20535', ''),
(NULL, 'information_schema', 'GLOBAL_VARIABLES', 'SYSTEM VIEW', 'MEMORY', 10, 'Fixed', NULL, 3268, 0, 67026680, 0, 0, NULL, NULL, NULL, NULL, 'utf8_general_ci', NULL, 'max_rows=20535', ''),
(NULL, 'information_schema', 'KEY_COLUMN_USAGE', 'SYSTEM VIEW', 'MEMORY', 10, 'Fixed', NULL, 4637, 0, 67064931, 0, 0, NULL, NULL, NULL, NULL, 'utf8_general_ci', NULL, 'max_rows=14472', ''),
(NULL, 'information_schema', 'PARTITIONS', 'SYSTEM VIEW', 'MyISAM', 10, 'Dynamic', NULL, 0, 0, 281474976710655, 1024, 0, NULL, '2012-10-02 16:00:02', '2012-10-02 16:00:02', NULL, 'utf8_general_ci', NULL, 'max_rows=22451', ''),
(NULL, 'information_schema', 'PLUGINS', 'SYSTEM VIEW', 'MyISAM', 10, 'Dynamic', NULL, 0, 0, 281474976710655, 1024, 0, NULL, '2012-10-02 16:00:02', '2012-10-02 16:00:02', NULL, 'utf8_general_ci', NULL, 'max_rows=52103', ''),
(NULL, 'information_schema', 'PROCESSLIST', 'SYSTEM VIEW', 'MyISAM', 10, 'Dynamic', NULL, 0, 0, 281474976710655, 1024, 0, NULL, '2012-10-02 16:00:02', '2012-10-02 16:00:02', NULL, 'utf8_general_ci', NULL, 'max_rows=95596', ''),
(NULL, 'information_schema', 'PROFILING', 'SYSTEM VIEW', 'MEMORY', 10, 'Fixed', NULL, 308, 0, 66248336, 0, 0, NULL, NULL, NULL, NULL, 'utf8_general_ci', NULL, 'max_rows=217885', ''),
(NULL, 'information_schema', 'REFERENTIAL_CONSTRAINTS', 'SYSTEM VIEW', 'MEMORY', 10, 'Fixed', NULL, 4814, 0, 67078276, 0, 0, NULL, NULL, NULL, NULL, 'utf8_general_ci', NULL, 'max_rows=13940', ''),
(NULL, 'information_schema', 'ROUTINES', 'SYSTEM VIEW', 'MyISAM', 10, 'Dynamic', NULL, 0, 0, 281474976710655, 1024, 0, NULL, '2012-10-02 16:00:02', '2012-10-02 16:00:02', NULL, 'utf8_general_ci', NULL, 'max_rows=2353', ''),
(NULL, 'information_schema', 'SCHEMATA', 'SYSTEM VIEW', 'MEMORY', 10, 'Fixed', NULL, 3464, 0, 66952192, 0, 0, NULL, NULL, NULL, NULL, 'utf8_general_ci', NULL, 'max_rows=19373', ''),
(NULL, 'information_schema', 'SCHEMA_PRIVILEGES', 'SYSTEM VIEW', 'MEMORY', 10, 'Fixed', NULL, 2179, 0, 66954133, 0, 0, NULL, NULL, NULL, NULL, 'utf8_general_ci', NULL, 'max_rows=30798', ''),
(NULL, 'information_schema', 'SESSION_STATUS', 'SYSTEM VIEW', 'MEMORY', 10, 'Fixed', NULL, 3268, 0, 67026680, 0, 0, NULL, NULL, NULL, NULL, 'utf8_general_ci', NULL, 'max_rows=20535', ''),
(NULL, 'information_schema', 'SESSION_VARIABLES', 'SYSTEM VIEW', 'MEMORY', 10, 'Fixed', NULL, 3268, 0, 67026680, 0, 0, NULL, NULL, NULL, NULL, 'utf8_general_ci', NULL, 'max_rows=20535', ''),
(NULL, 'information_schema', 'STATISTICS', 'SYSTEM VIEW', 'MEMORY', 10, 'Fixed', NULL, 2679, 0, 67082160, 0, 0, NULL, NULL, NULL, NULL, 'utf8_general_ci', NULL, 'max_rows=25049', ''),
(NULL, 'information_schema', 'TABLES', 'SYSTEM VIEW', 'MEMORY', 10, 'Fixed', NULL, 3545, 0, 66975685, 0, 0, NULL, NULL, NULL, NULL, 'utf8_general_ci', NULL, 'max_rows=18930', ''),
(NULL, 'information_schema', 'TABLE_CONSTRAINTS', 'SYSTEM VIEW', 'MEMORY', 10, 'Fixed', NULL, 2504, 0, 66894360, 0, 0, NULL, NULL, NULL, NULL, 'utf8_general_ci', NULL, 'max_rows=26800', ''),
(NULL, 'information_schema', 'TABLE_PRIVILEGES', 'SYSTEM VIEW', 'MEMORY', 10, 'Fixed', NULL, 2372, 0, 66994768, 0, 0, NULL, NULL, NULL, NULL, 'utf8_general_ci', NULL, 'max_rows=28292', ''),
(NULL, 'information_schema', 'TRIGGERS', 'SYSTEM VIEW', 'MyISAM', 10, 'Dynamic', NULL, 0, 0, 281474976710655, 1024, 0, NULL, '2012-10-02 16:00:02', '2012-10-02 16:00:02', NULL, 'utf8_general_ci', NULL, 'max_rows=2277', ''),
(NULL, 'information_schema', 'USER_PRIVILEGES', 'SYSTEM VIEW', 'MEMORY', 10, 'Fixed', NULL, 1986, 0, 66906354, 0, 0, NULL, NULL, NULL, NULL, 'utf8_general_ci', NULL, 'max_rows=33790', ''),
(NULL, 'information_schema', 'VIEWS', 'SYSTEM VIEW', 'MyISAM', 10, 'Dynamic', NULL, 0, 0, 281474976710655, 1024, 0, NULL, '2012-10-02 16:00:02', '2012-10-02 16:00:02', NULL, 'utf8_general_ci', NULL, 'max_rows=27730', ''),
(NULL, 'C334953_elevation19', 'el_area', 'BASE TABLE', 'InnoDB', 10, 'Compact', 1, 16384, 16384, 0, 0, 1632632832, 2, '2012-08-20 14:47:50', NULL, NULL, 'latin1_swedish_ci', NULL, '', ''),
(NULL, 'C334953_elevation19', 'el_categorias', 'BASE TABLE', 'InnoDB', 10, 'Compact', 1, 16384, 16384, 0, 0, 1632632832, 2, '2012-08-10 14:53:28', NULL, NULL, 'latin1_swedish_ci', NULL, '', ''),
(NULL, 'C334953_elevation19', 'el_ciudades', 'BASE TABLE', 'InnoDB', 10, 'Compact', 2, 8192, 16384, 0, 0, 1632632832, 3, '2012-08-10 14:53:28', NULL, NULL, 'latin1_swedish_ci', NULL, '', ''),
(NULL, 'C334953_elevation19', 'el_comments', 'BASE TABLE', 'InnoDB', 10, 'Compact', 16, 1024, 16384, 0, 0, 1632632832, 116, '2012-08-20 14:49:15', NULL, NULL, 'latin1_swedish_ci', NULL, '', ''),
(NULL, 'C334953_elevation19', 'el_comments_post', 'BASE TABLE', 'InnoDB', 10, 'Compact', 0, 0, 16384, 0, 0, 1632632832, 1, '2012-08-10 14:53:28', NULL, NULL, 'latin1_swedish_ci', NULL, '', ''),
(NULL, 'C334953_elevation19', 'el_cupones', 'BASE TABLE', 'InnoDB', 10, 'Compact', 5, 3276, 16384, 0, 0, 1632632832, 6, '2012-08-26 01:48:55', NULL, NULL, 'latin1_swedish_ci', NULL, '', ''),
(NULL, 'C334953_elevation19', 'el_cupones_usuarios', 'BASE TABLE', 'InnoDB', 10, 'Compact', 7, 2340, 16384, 0, 0, 1632632832, 76, '2012-08-26 01:27:21', NULL, NULL, 'latin1_swedish_ci', NULL, '', ''),
(NULL, 'C334953_elevation19', 'el_empresas', 'BASE TABLE', 'InnoDB', 10, 'Compact', 1, 16384, 16384, 0, 0, 1632632832, 2, '2012-08-10 14:53:28', NULL, NULL, 'latin1_swedish_ci', NULL, '', ''),
(NULL, 'C334953_elevation19', 'el_usuarios', 'BASE TABLE', 'InnoDB', 10, 'Compact', 22, 744, 16384, 0, 0, 1632632832, 50, '2012-08-10 14:53:28', NULL, NULL, 'latin1_swedish_ci', NULL, '', ''),
(NULL, 'C334953_elevation19', 'members', 'BASE TABLE', 'MyISAM', 10, 'Dynamic', 27, 76, 2076, 281474976710655, 2048, 0, 42, '2012-08-10 14:53:28', '2012-08-10 14:53:28', NULL, 'latin1_swedish_ci', NULL, '', ''),
(NULL, 'C334953_elevation19', 'members_menu', 'BASE TABLE', 'MyISAM', 10, 'Dynamic', 7, 58, 408, 281474976710655, 4096, 0, 8, '2012-08-10 14:53:28', '2012-08-10 14:53:28', NULL, 'latin1_swedish_ci', NULL, '', ''),
(NULL, 'C334953_elevation19', 'members_session', 'BASE TABLE', 'MyISAM', 10, 'Dynamic', 100, 47, 4788, 281474976710655, 2048, 0, 101, '2012-08-10 14:53:28', '2012-09-02 06:24:06', NULL, 'latin1_swedish_ci', NULL, '', '');

-- --------------------------------------------------------

--
-- Estructura de tabla para la tabla `TABLE_CONSTRAINTS`
--

CREATE TEMPORARY TABLE `TABLE_CONSTRAINTS` (
  `CONSTRAINT_CATALOG` varchar(512) DEFAULT NULL,
  `CONSTRAINT_SCHEMA` varchar(64) NOT NULL DEFAULT '',
  `CONSTRAINT_NAME` varchar(64) NOT NULL DEFAULT '',
  `TABLE_SCHEMA` varchar(64) NOT NULL DEFAULT '',
  `TABLE_NAME` varchar(64) NOT NULL DEFAULT '',
  `CONSTRAINT_TYPE` varchar(64) NOT NULL DEFAULT ''
) ENGINE=MEMORY DEFAULT CHARSET=utf8;

--
-- Volcado de datos para la tabla `TABLE_CONSTRAINTS`
--

INSERT INTO `TABLE_CONSTRAINTS` (`CONSTRAINT_CATALOG`, `CONSTRAINT_SCHEMA`, `CONSTRAINT_NAME`, `TABLE_SCHEMA`, `TABLE_NAME`, `CONSTRAINT_TYPE`) VALUES
(NULL, 'C334953_elevation19', 'PRIMARY', 'C334953_elevation19', 'el_area', 'PRIMARY KEY'),
(NULL, 'C334953_elevation19', 'PRIMARY', 'C334953_elevation19', 'el_categorias', 'PRIMARY KEY'),
(NULL, 'C334953_elevation19', 'PRIMARY', 'C334953_elevation19', 'el_ciudades', 'PRIMARY KEY'),
(NULL, 'C334953_elevation19', 'PRIMARY', 'C334953_elevation19', 'el_comments', 'PRIMARY KEY'),
(NULL, 'C334953_elevation19', 'PRIMARY', 'C334953_elevation19', 'el_comments_post', 'PRIMARY KEY'),
(NULL, 'C334953_elevation19', 'PRIMARY', 'C334953_elevation19', 'el_cupones', 'PRIMARY KEY'),
(NULL, 'C334953_elevation19', 'PRIMARY', 'C334953_elevation19', 'el_cupones_usuarios', 'PRIMARY KEY'),
(NULL, 'C334953_elevation19', 'PRIMARY', 'C334953_elevation19', 'el_empresas', 'PRIMARY KEY'),
(NULL, 'C334953_elevation19', 'PRIMARY', 'C334953_elevation19', 'el_usuarios', 'PRIMARY KEY'),
(NULL, 'C334953_elevation19', 'PRIMARY', 'C334953_elevation19', 'members', 'PRIMARY KEY'),
(NULL, 'C334953_elevation19', 'PRIMARY', 'C334953_elevation19', 'members_menu', 'PRIMARY KEY'),
(NULL, 'C334953_elevation19', 'PRIMARY', 'C334953_elevation19', 'members_session', 'PRIMARY KEY');

-- --------------------------------------------------------

--
-- Estructura de tabla para la tabla `TABLE_PRIVILEGES`
--

CREATE TEMPORARY TABLE `TABLE_PRIVILEGES` (
  `GRANTEE` varchar(81) NOT NULL DEFAULT '',
  `TABLE_CATALOG` varchar(512) DEFAULT NULL,
  `TABLE_SCHEMA` varchar(64) NOT NULL DEFAULT '',
  `TABLE_NAME` varchar(64) NOT NULL DEFAULT '',
  `PRIVILEGE_TYPE` varchar(64) NOT NULL DEFAULT '',
  `IS_GRANTABLE` varchar(3) NOT NULL DEFAULT ''
) ENGINE=MEMORY DEFAULT CHARSET=utf8;

-- --------------------------------------------------------

--
-- Estructura de tabla para la tabla `TRIGGERS`
--

CREATE TEMPORARY TABLE `TRIGGERS` (
  `TRIGGER_CATALOG` varchar(512) DEFAULT NULL,
  `TRIGGER_SCHEMA` varchar(64) NOT NULL DEFAULT '',
  `TRIGGER_NAME` varchar(64) NOT NULL DEFAULT '',
  `EVENT_MANIPULATION` varchar(6) NOT NULL DEFAULT '',
  `EVENT_OBJECT_CATALOG` varchar(512) DEFAULT NULL,
  `EVENT_OBJECT_SCHEMA` varchar(64) NOT NULL DEFAULT '',
  `EVENT_OBJECT_TABLE` varchar(64) NOT NULL DEFAULT '',
  `ACTION_ORDER` bigint(4) NOT NULL DEFAULT '0',
  `ACTION_CONDITION` longtext,
  `ACTION_STATEMENT` longtext NOT NULL,
  `ACTION_ORIENTATION` varchar(9) NOT NULL DEFAULT '',
  `ACTION_TIMING` varchar(6) NOT NULL DEFAULT '',
  `ACTION_REFERENCE_OLD_TABLE` varchar(64) DEFAULT NULL,
  `ACTION_REFERENCE_NEW_TABLE` varchar(64) DEFAULT NULL,
  `ACTION_REFERENCE_OLD_ROW` varchar(3) NOT NULL DEFAULT '',
  `ACTION_REFERENCE_NEW_ROW` varchar(3) NOT NULL DEFAULT '',
  `CREATED` datetime DEFAULT NULL,
  `SQL_MODE` varchar(8192) NOT NULL DEFAULT '',
  `DEFINER` varchar(77) NOT NULL DEFAULT '',
  `CHARACTER_SET_CLIENT` varchar(32) NOT NULL DEFAULT '',
  `COLLATION_CONNECTION` varchar(32) NOT NULL DEFAULT '',
  `DATABASE_COLLATION` varchar(32) NOT NULL DEFAULT ''
) ENGINE=MyISAM DEFAULT CHARSET=utf8;

-- --------------------------------------------------------

--
-- Estructura de tabla para la tabla `USER_PRIVILEGES`
--

CREATE TEMPORARY TABLE `USER_PRIVILEGES` (
  `GRANTEE` varchar(81) NOT NULL DEFAULT '',
  `TABLE_CATALOG` varchar(512) DEFAULT NULL,
  `PRIVILEGE_TYPE` varchar(64) NOT NULL DEFAULT '',
  `IS_GRANTABLE` varchar(3) NOT NULL DEFAULT ''
) ENGINE=MEMORY DEFAULT CHARSET=utf8;

--
-- Volcado de datos para la tabla `USER_PRIVILEGES`
--

INSERT INTO `USER_PRIVILEGES` (`GRANTEE`, `TABLE_CATALOG`, `PRIVILEGE_TYPE`, `IS_GRANTABLE`) VALUES
('''C334953_eleva''@''%''', NULL, 'USAGE', 'NO');

-- --------------------------------------------------------

--
-- Estructura de tabla para la tabla `VIEWS`
--

CREATE TEMPORARY TABLE `VIEWS` (
  `TABLE_CATALOG` varchar(512) DEFAULT NULL,
  `TABLE_SCHEMA` varchar(64) NOT NULL DEFAULT '',
  `TABLE_NAME` varchar(64) NOT NULL DEFAULT '',
  `VIEW_DEFINITION` longtext NOT NULL,
  `CHECK_OPTION` varchar(8) NOT NULL DEFAULT '',
  `IS_UPDATABLE` varchar(3) NOT NULL DEFAULT '',
  `DEFINER` varchar(77) NOT NULL DEFAULT '',
  `SECURITY_TYPE` varchar(7) NOT NULL DEFAULT '',
  `CHARACTER_SET_CLIENT` varchar(32) NOT NULL DEFAULT '',
  `COLLATION_CONNECTION` varchar(32) NOT NULL DEFAULT ''
) ENGINE=MyISAM DEFAULT CHARSET=utf8;

/*!40101 SET CHARACTER_SET_CLIENT=@OLD_CHARACTER_SET_CLIENT */;
/*!40101 SET CHARACTER_SET_RESULTS=@OLD_CHARACTER_SET_RESULTS */;
/*!40101 SET COLLATION_CONNECTION=@OLD_COLLATION_CONNECTION */;
